sector,business_name,week,engagement_rate,engagement,posts_count,likes_count,comments_count,views_count,rolling_engagement_rate,business_growth,trend_class,n_states,final_trend_class
Cafes/Restaurants,Abu shukri restaurant-مطعم حمص ابو شكري,2020-05-18/2020-05-24,0.0217241379310344,63.0,1,47.0,16.0,0.0,0.0217241379310344,0.0,stable,2,stable
Cafes/Restaurants,Abu shukri restaurant-مطعم حمص ابو شكري,2022-05-02/2022-05-08,0.0310344827586206,90.0,1,65.0,25.0,0.0,0.0263793103448275,0.21428571428571486,improving,2,improving
Cafes/Restaurants,Abu shukri restaurant-مطعم حمص ابو شكري,2022-09-12/2022-09-18,0.0213793103448275,62.0,1,58.0,4.0,0.0,0.02471264367816083,-0.06318082788671064,stable,2,stable
Cafes/Restaurants,Farouj Abu Alabd,2025-04-07/2025-04-13,0.00064,16.0,1,14.0,2.0,6200.0,0.00064,0.0,stable,3,inconsistent
Cafes/Restaurants,Farouj Abu Alabd,2025-08-11/2025-08-17,0.012,300.0,1,285.0,15.0,240000.0,0.00632,8.875,improving,3,inconsistent
Cafes/Restaurants,Farouj Abu Alabd,2025-11-17/2025-11-23,0.00464,116.0,1,98.0,18.0,0.0,0.00576,-0.08860759493670878,stable,3,inconsistent
Cafes/Restaurants,Farouj Abu Alabd,2025-12-01/2025-12-07,0.01176,294.0,1,107.0,187.0,0.0,0.009466666666666667,0.6435185185185184,improving,3,inconsistent
Cafes/Restaurants,Farouj Abu Alabd,2025-12-22/2025-12-28,0.01296,324.0,1,311.0,13.0,392000.0,0.009786666666666666,0.033802816901408406,stable,3,inconsistent
Cafes/Restaurants,Farouj Abu Alabd,2026-02-16/2026-02-22,0.00488,122.0,1,119.0,3.0,599000.0,0.009866666666666666,0.008174386920980936,stable,3,inconsistent
Cafes/Restaurants,Farouj Abu Alabd,2026-03-09/2026-03-15,0.00148,37.0,1,15.0,22.0,0.0,0.00644,-0.3472972972972972,declining,3,inconsistent
Cafes/Restaurants,Farouj Abu Alabd,2026-03-30/2026-04-05,0.00262,65.5,4,154.0,108.0,16200.0,0.0029933333333333335,-0.5351966873706004,declining,3,inconsistent
Cafes/Restaurants,Farouj Abu Alabd,2026-04-06/2026-04-12,0.00325,81.25,4,318.0,7.0,70600.0,0.00245,-0.18151447661469944,declining,3,inconsistent
Cafes/Restaurants,Farouj Abu Alabd,2026-04-13/2026-04-19,0.00184,46.0,1,15.0,31.0,0.0,0.00257,0.048979591836734615,stable,3,inconsistent
Cafes/Restaurants,Farouj Abu Alabd,2026-04-20/2026-04-26,0.00031,7.75,4,31.0,0.0,13000.0,0.0017999999999999997,-0.2996108949416343,declining,3,inconsistent
Cafes/Restaurants,Farouj Abu Alabd,2026-04-27/2026-05-03,0.00104,26.0,3,76.0,2.0,19000.0,0.0010633333333333334,-0.4092592592592591,declining,3,inconsistent
Cafes/Restaurants,Farouj Abu Alabd,2026-05-04/2026-05-10,0.00668,167.0,1,165.0,2.0,20000.0,0.002676666666666667,1.5172413793103448,improving,3,inconsistent
Cafes/Restaurants,Jericho Resort Village - قرية أريحا السياحية,2026-02-16/2026-02-22,0.0011095890410958,81.0,1,81.0,0.0,0.0,0.0011095890410958,0.0,stable,3,inconsistent
Cafes/Restaurants,Jericho Resort Village - قرية أريحا السياحية,2026-02-23/2026-03-01,0.0009817351598172999,71.66666666666667,3,187.0,28.0,0.0,0.00104566210045655,-0.05761316872426703,stable,3,inconsistent
Cafes/Restaurants,Jericho Resort Village - قرية أريحا السياحية,2026-03-09/2026-03-15,0.0028219178082191,206.0,1,90.0,116.0,0.0,0.0016377473363774,0.5662299854439956,improving,3,inconsistent
Cafes/Restaurants,Jericho Resort Village - قرية أريحا السياحية,2026-03-16/2026-03-22,9.58904109589041e-05,7.0,1,7.0,0.0,0.0,0.0012998477929984347,-0.20631970260222132,declining,3,inconsistent
Cafes/Restaurants,Jericho Resort Village - قرية أريحا السياحية,2026-03-23/2026-03-29,0.0001780821917808,13.0,1,11.0,2.0,0.0,0.0010319634703196013,-0.20608899297423822,declining,3,inconsistent
Cafes/Restaurants,Jericho Resort Village - قرية أريحا السياحية,2026-03-30/2026-04-05,0.0002671232876712,19.5,2,28.0,11.0,0.0,0.0001803652968036347,-0.8252212389380651,declining,3,inconsistent
Cafes/Restaurants,KFC Palestine,2023-01-09/2023-01-15,0.0114190317195325,684.0,3,2035.0,17.0,789900.0,0.0114190317195325,0.0,stable,3,inconsistent
Cafes/Restaurants,KFC Palestine,2023-01-23/2023-01-29,0.0217529215358931,1303.0,1,1298.0,5.0,42700.0,0.0165859766277128,0.45248538011696127,improving,3,inconsistent
Cafes/Restaurants,KFC Palestine,2023-01-30/2023-02-05,0.0102838063439065,616.0,1,612.0,4.0,24300.0,0.014485253199777365,-0.1266566012414021,declining,3,inconsistent
Cafes/Restaurants,KFC Palestine,2023-02-13/2023-02-19,0.0023539232053422,141.0,1,138.0,3.0,9430.0,0.011463550361713933,-0.20860545524394947,declining,3,inconsistent
Cafes/Restaurants,KFC Palestine,2023-03-27/2023-04-02,0.0025876460767946,155.0,1,148.0,7.0,90600.0,0.0050751252086811,-0.55728155339806,declining,3,inconsistent
Cafes/Restaurants,KFC Palestine,2023-04-03/2023-04-09,0.0095325542570951,571.0,1,566.0,5.0,26400.0,0.0048247078464106335,-0.049342105263161296,stable,3,inconsistent
Cafes/Restaurants,KFC Palestine,2023-04-17/2023-04-23,0.00859766277128543,515.0,2,1021.0,9.0,60687.0,0.006905954368391711,0.43137254901961186,improving,3,inconsistent
Cafes/Restaurants,KFC Palestine,2023-04-24/2023-04-30,0.0085976627712854,515.0,1,510.0,5.0,26900.0,0.008909293266555311,0.2900886381950054,improving,3,inconsistent
Cafes/Restaurants,KFC Palestine,2023-08-14/2023-08-20,0.0392988313856427,2354.0,1,2347.0,7.0,108000.0,0.018831385642737845,1.1136789506558484,improving,3,inconsistent
Cafes/Restaurants,KFC Palestine,2023-08-21/2023-08-27,0.0156594323873121,938.0,1,930.0,8.0,308000.0,0.021185308848080064,0.12499999999999933,improving,3,inconsistent
Cafes/Restaurants,KFC Palestine,2023-08-28/2023-09-03,0.0020868113522537,125.0,1,118.0,7.0,127000.0,0.019015025041736165,-0.10244286840031525,declining,3,inconsistent
Cafes/Restaurants,KFC Palestine,2023-09-11/2023-09-17,0.0243405676126878,1458.0,1,1449.0,9.0,451000.0,0.014028937117417867,-0.2622183201638867,declining,3,inconsistent
Cafes/Restaurants,KFC Palestine,2025-11-17/2025-11-23,0.0145742904841402,873.0,1,863.0,10.0,2200000.0,0.0136672231496939,-0.025783419278063047,stable,3,inconsistent
Cafes/Restaurants,Mazaj Oriental - مزاج الشرقي,2023-01-30/2023-02-05,0.0046052631578947,105.0,1,103.0,2.0,4278.0,0.0046052631578947,0.0,stable,3,inconsistent
Cafes/Restaurants,Mazaj Oriental - مزاج الشرقي,2023-03-06/2023-03-12,4.385964912280701e-05,1.0,1,0.0,1.0,747.0,0.0023245614035087535,-0.49523809523809526,declining,3,inconsistent
Cafes/Restaurants,Mazaj Oriental - مزاج الشرقي,2023-03-20/2023-03-26,0.0079166666666666,180.5,2,354.0,7.0,16358.0,0.004188596491228036,0.8018867924528297,improving,3,inconsistent
Cafes/Restaurants,Mazaj Oriental - مزاج الشرقي,2023-04-03/2023-04-09,0.0254824561403508,581.0,1,576.0,5.0,15700.0,0.011147660818713401,1.6614310645724357,improving,3,inconsistent
Cafes/Restaurants,Mazaj Oriental - مزاج الشرقي,2023-04-10/2023-04-16,0.0228070175438596,520.0,1,516.0,4.0,12800.0,0.018735380116958997,0.6806557377049194,improving,3,inconsistent
Cafes/Restaurants,Mazaj Oriental - مزاج الشرقي,2023-05-01/2023-05-07,0.009298245614035,212.0,1,209.0,3.0,6643.0,0.019195906432748464,0.024580569644947037,stable,3,inconsistent
Cafes/Restaurants,Mazaj Oriental - مزاج الشرقي,2023-05-15/2023-05-21,0.0164473684210526,375.0,1,371.0,4.0,12400.0,0.01618421052631573,-0.15689261233815666,declining,3,inconsistent
Cafes/Restaurants,Mazaj Oriental - مزاج الشرقي,2023-05-29/2023-06-04,0.0063157894736842,144.0,1,140.0,4.0,14400.0,0.010687134502923933,-0.33965672990063267,declining,3,inconsistent
Cafes/Restaurants,Mazaj Oriental - مزاج الشرقي,2023-06-12/2023-06-18,0.0099561403508771,227.0,1,224.0,3.0,7084.0,0.010906432748537967,0.020519835841313228,stable,3,inconsistent
Cafes/Restaurants,Mazaj Oriental - مزاج الشرقي,2023-06-26/2023-07-02,0.0818421052631579,1866.0,1,1858.0,8.0,61000.0,0.03270467836257306,1.9986595174262827,improving,3,inconsistent
Cafes/Restaurants,Mazaj Oriental - مزاج الشرقي,2023-07-17/2023-07-23,0.005438596491228,124.0,1,122.0,2.0,5456.0,0.03241228070175433,-0.008940545373268383,stable,3,inconsistent
Cafes/Restaurants,Mazaj Oriental - مزاج الشرقي,2023-07-24/2023-07-30,0.0089473684210526,204.0,1,201.0,3.0,6885.0,0.032076023391812834,-0.010374379792511657,stable,3,inconsistent
Cafes/Restaurants,Mazaj Oriental - مزاج الشرقي,2023-09-11/2023-09-17,0.0089254385964912,203.5,2,400.0,7.0,17433.0,0.007770467836257265,-0.7577484047402017,declining,3,inconsistent
Cafes/Restaurants,Mazaj Oriental - مزاج الشرقي,2023-09-25/2023-10-01,0.0140350877192982,320.0,1,315.0,5.0,16800.0,0.010635964912280665,0.3687676387582346,improving,3,inconsistent
Cafes/Restaurants,Noor Restaurant and Cafe,2026-02-16/2026-02-22,0.0,0.0,1,0.0,0.0,100000.0,0.0,0.0,stable,3,inconsistent
Cafes/Restaurants,Noor Restaurant and Cafe,2026-02-23/2026-03-01,0.00066,16.5,2,33.0,0.0,10000.0,0.00033,0.0,stable,3,inconsistent
Cafes/Restaurants,Noor Restaurant and Cafe,2026-03-02/2026-03-08,8e-05,2.0,2,1.0,3.0,226000.0,0.0002466666666666667,-0.2525252525252525,declining,3,inconsistent
Cafes/Restaurants,Noor Restaurant and Cafe,2026-03-09/2026-03-15,0.0008815151515151484,36.0,3,91.0,17.0,0.0,0.0005405050505050495,1.191236691236687,improving,3,inconsistent
Cafes/Restaurants,Noor Restaurant and Cafe,2026-03-16/2026-03-22,0.00020181818181815,8.5,2,17.0,0.0,15000.0,0.00038777777777776614,-0.28256400672773463,declining,3,inconsistent
Cafes/Restaurants,Noor Restaurant and Cafe,2026-03-23/2026-03-29,0.001399090909090897,38.0,3,110.0,4.0,10000.0,0.0008274747474747318,1.1338890336025242,improving,3,inconsistent
Cafes/Restaurants,Noor Restaurant and Cafe,2026-03-30/2026-04-05,0.00025,11.0,1,10.0,1.0,0.0,0.0006169696969696824,-0.25439453125000355,declining,3,inconsistent
Cafes/Restaurants,Noor Restaurant and Cafe,2026-04-06/2026-04-12,0.0021454545454545454,54.5,2,108.0,1.0,15000.0,0.0012648484848484809,1.0500982318271541,improving,3,inconsistent
Cafes/Restaurants,Noor Restaurant and Cafe,2026-04-13/2026-04-19,0.0023654545454545243,72.66666666666667,3,216.0,2.0,0.0,0.0015869696969696898,0.2546717776712968,improving,3,inconsistent
Cafes/Restaurants,Noor Restaurant and Cafe,2026-04-20/2026-04-26,0.0012731818181818,54.5,2,109.0,0.0,426.0,0.0019280303030302897,0.2149131181974384,improving,3,inconsistent
Cafes/Restaurants,Noor Restaurant and Cafe,2026-04-27/2026-05-03,0.0009696969696969636,42.666666666666664,3,127.0,1.0,426.0,0.001536111111111096,-0.2032743942370685,declining,3,inconsistent
Cafes/Restaurants,Noor Restaurant and Cafe,2026-05-04/2026-05-10,6.272727272727273e-05,2.0,3,4.0,2.0,0.0,0.0007685353535353454,-0.4996876541180342,declining,3,inconsistent
Cafes/Restaurants,Orgada Burgers,2026-03-09/2026-03-15,0.0001717791411042,28.0,1,28.0,0.0,14000.0,0.0001717791411042,0.0,stable,3,inconsistent
Cafes/Restaurants,Orgada Burgers,2026-04-13/2026-04-19,0.0002474437627811757,40.333333333333336,3,95.0,26.0,30300.0,0.00020961145194268785,0.22023809523846127,improving,3,inconsistent
Cafes/Restaurants,Orgada Burgers,2026-04-20/2026-04-26,5.5214723926380366e-05,9.0,1,9.0,0.0,0.0,0.000158145875937252,-0.24552845528453093,declining,3,inconsistent
Cafes/Restaurants,Orgada Burgers,2026-04-27/2026-05-03,6.595092024539877e-05,10.75,4,40.0,3.0,0.0,0.0001228698023176516,-0.2230603448274363,declining,3,inconsistent
Cafes/Restaurants,Pardo Cafe,2026-04-27/2026-05-03,0.0033783783783783,25.0,1,25.0,0.0,5412.0,0.0033783783783783,0.0,stable,2,stable
Cafes/Restaurants,Pardo Cafe,2026-05-04/2026-05-10,0.011554054054053998,85.5,2,171.0,0.0,25000.0,0.0074662162162161495,1.2100000000000315,improving,2,improving
Cafes/Restaurants,REXOS Café & Restaurant,2024-12-02/2024-12-08,0.0003333333333333,14.0,1,14.0,0.0,0.0,0.0003333333333333,0.0,stable,3,inconsistent
Cafes/Restaurants,REXOS Café & Restaurant,2025-04-28/2025-05-04,0.0001428571428571,6.0,1,6.0,0.0,0.0,0.00023809523809519999,-0.28571428571432855,declining,3,inconsistent
Cafes/Restaurants,REXOS Café & Restaurant,2025-06-02/2025-06-08,0.0001666666666666,7.0,1,7.0,0.0,0.0,0.00021428571428566668,-0.10000000000005593,declining,3,inconsistent
Cafes/Restaurants,REXOS Café & Restaurant,2025-07-07/2025-07-13,2.380952380952381e-05,1.0,1,1.0,0.0,0.0,0.0001111111111110746,-0.4814814814815367,declining,3,inconsistent
Cafes/Restaurants,REXOS Café & Restaurant,2025-12-08/2025-12-14,0.0083333333333333,350.0,1,66.0,284.0,0.0,0.002841269841269808,24.571428571436673,improving,3,inconsistent
Cafes/Restaurants,REXOS Café & Restaurant,2025-12-15/2025-12-21,0.0050238095238095,211.0,1,11.0,200.0,0.0,0.004460317460317441,0.5698324022346486,improving,3,inconsistent
Cafes/Restaurants,REXOS Café & Restaurant,2025-12-22/2025-12-28,0.0001428571428571,6.0,1,6.0,0.0,0.0,0.004499999999999967,0.00889679715302183,stable,3,inconsistent
Cafes/Restaurants,REXOS Café & Restaurant,2026-02-16/2026-02-22,7.142857142857143e-05,3.0,1,3.0,0.0,0.0,0.0017460317460317237,-0.6119929453262807,declining,3,inconsistent
Cafes/Restaurants,REXOS Café & Restaurant,2026-03-09/2026-03-15,2.380952380952381e-05,1.0,1,1.0,0.0,0.0,7.936507936506508e-05,-0.9545454545454621,declining,3,inconsistent
Cafes/Restaurants,REXOS Café & Restaurant,2026-04-06/2026-04-12,0.00053571428571425,22.5,2,39.0,6.0,4700.0,0.00021031746031744842,1.6500000000003272,improving,3,inconsistent
Cafes/Restaurants,REXOS Café & Restaurant,2026-04-13/2026-04-19,0.04466666666666665,1876.0,3,5608.0,20.0,14000.0,0.01507539682539681,70.67924528302285,improving,3,inconsistent
Cafes/Restaurants,REXOS Café & Restaurant,2026-04-20/2026-04-26,0.00076190476190474,32.0,5,142.0,18.0,7361.0,0.015321428571428548,0.016320084232692267,stable,3,inconsistent
Cafes/Restaurants,REXOS Café & Restaurant,2026-04-27/2026-05-03,0.0005476190476190001,23.0,3,66.0,3.0,1600.0,0.015325396825396798,0.00025900025899994183,stable,3,inconsistent
Cafes/Restaurants,REXOS Café & Restaurant,2026-05-04/2026-05-10,0.0002063492063491492,8.666666666666666,3,25.0,1.0,27929.0,0.000505291005290963,-0.9670291731399993,declining,3,inconsistent
Cafes/Restaurants,Robian Restaurant,2024-04-08/2024-04-14,0.0006153846153846,4.0,1,3.0,1.0,58000.0,0.0006153846153846,0.0,stable,3,inconsistent
Cafes/Restaurants,Robian Restaurant,2024-08-19/2024-08-25,0.0033846153846153,22.0,1,18.0,4.0,0.0,0.0019999999999999497,2.2499999999999996,improving,3,inconsistent
Cafes/Restaurants,Robian Restaurant,2024-09-02/2024-09-08,0.0275384615384615,179.0,2,353.0,5.0,0.0,0.010512820512820467,4.256410256410366,improving,3,inconsistent
Cafes/Restaurants,Robian Restaurant,2024-09-09/2024-09-15,0.0215384615384615,140.0,1,134.0,6.0,0.0,0.01748717948717943,0.6634146341463432,improving,3,inconsistent
Cafes/Restaurants,Robian Restaurant,2024-09-30/2024-10-06,0.13715384615384615,891.5,2,1757.0,26.0,0.0,0.06207692307692305,2.5498533724340273,improving,3,inconsistent
Cafes/Restaurants,Robian Restaurant,2024-11-11/2024-11-17,0.0064615384615384,42.0,1,40.0,2.0,4200000.0,0.05505128205128201,-0.11317637339942199,declining,3,inconsistent
Cafes/Restaurants,Robian Restaurant,2024-11-18/2024-11-24,0.062076923076923,403.5,2,802.0,5.0,3042000.0,0.06856410256410252,0.24545877969259422,improving,3,inconsistent
Cafes/Restaurants,Robian Restaurant,2024-11-25/2024-12-01,0.0024615384615384,16.0,1,13.0,3.0,1400000.0,0.0236666666666666,-0.6548242333582655,declining,3,inconsistent
Cafes/Restaurants,Robian Restaurant,2024-12-02/2024-12-08,0.01423076923076915,92.5,2,182.0,3.0,1400000.0,0.02625641025641019,0.1094257854821239,improving,3,inconsistent
Cafes/Restaurants,Robian Restaurant,2024-12-09/2024-12-15,0.0085384615384615,55.5,2,108.0,3.0,2025000.0,0.00841025641025635,-0.6796875000000016,declining,3,inconsistent
Cafes/Restaurants,Robian Restaurant,2024-12-16/2024-12-22,0.1426153846153846,927.0,1,920.0,7.0,0.0,0.05512820512820508,5.554878048780529,improving,3,inconsistent
Cafes/Restaurants,Robian Restaurant,2025-01-13/2025-01-19,0.0175384615384615,114.0,1,114.0,0.0,0.0,0.056230769230769195,0.02000000000000024,stable,3,inconsistent
Cafes/Restaurants,Robian Restaurant,2025-02-24/2025-03-02,0.0024615384615384,16.0,1,15.0,1.0,0.0,0.05420512820512816,-0.036023711810305614,stable,3,inconsistent
Cafes/Restaurants,Robian Restaurant,2025-05-05/2025-05-11,0.0304615384615384,198.0,1,196.0,2.0,0.0,0.016820512820512768,-0.6896877956480613,declining,3,inconsistent
Cafes/Restaurants,Robian Restaurant,2025-07-28/2025-08-03,0.0004615384615384,3.0,1,3.0,0.0,0.0,0.011128205128205068,-0.338414634146343,declining,3,inconsistent
Cafes/Restaurants,Shawerma w Mashawi Al Helou,2024-12-30/2025-01-05,0.0002469135802469,20.0,1,15.0,5.0,0.0,0.0002469135802469,0.0,stable,3,inconsistent
Cafes/Restaurants,Shawerma w Mashawi Al Helou,2025-01-20/2025-01-26,3.703703703703704e-05,3.0,1,2.0,1.0,0.0,0.0001419753086419685,-0.42499999999999594,declining,3,inconsistent
Cafes/Restaurants,Shawerma w Mashawi Al Helou,2025-02-17/2025-02-23,6.17283950617284e-05,5.0,1,4.0,1.0,0.0,0.00011522633744855513,-0.18840579710144234,declining,3,inconsistent
Cafes/Restaurants,Shawerma w Mashawi Al Helou,2025-02-24/2025-03-02,2.469135802469136e-05,2.0,1,0.0,2.0,0.0,4.11522633744856e-05,-0.6428571428571288,declining,3,inconsistent
Cafes/Restaurants,Shawerma w Mashawi Al Helou,2025-03-17/2025-03-23,0.0,0.0,1,0.0,0.0,0.0,2.880658436213992e-05,-0.30000000000000004,declining,3,inconsistent
Cafes/Restaurants,Shawerma w Mashawi Al Helou,2025-11-24/2025-11-30,0.0002469135802469,20.0,1,3.0,17.0,0.0,9.053497942386377e-05,2.142857142856985,improving,3,inconsistent
Cafes/Restaurants,Shawerma w Mashawi Al Helou,2025-12-01/2025-12-07,0.00433950617283945,351.5,2,674.0,29.0,0.0,0.0015288065843621166,15.886363636364226,improving,3,inconsistent
Cafes/Restaurants,Shawerma w Mashawi Al Helou,2025-12-15/2025-12-21,0.0001262551440329218,5.0,3,13.0,2.0,162000.0,0.0015708916323730903,0.027528039479587596,stable,3,inconsistent
Cafes/Restaurants,Shawerma w Mashawi Al Helou,2025-12-22/2025-12-28,9.876543209876544e-05,8.0,1,6.0,2.0,0.0,0.0015215089163237124,-0.03143610611432002,stable,3,inconsistent
Cafes/Restaurants,Shawerma w Mashawi Al Helou,2026-03-30/2026-04-05,0.00012345679012343272,10.0,2,17.0,3.0,0.0,0.00011615912208503999,-0.9236553129338834,declining,3,inconsistent
Cafes/Restaurants,Shawerma w Mashawi Al Helou,2026-04-06/2026-04-12,1.2345679012345678e-05,1.0,1,1.0,0.0,363.0,7.818930041151461e-05,-0.32687765706190264,declining,3,inconsistent
Cafes/Restaurants,Shawerma w Mashawi Al Helou,2026-04-13/2026-04-19,0.0021604938271604,175.0,1,169.0,6.0,518.0,0.0007654320987653928,8.789473684211028,improving,3,inconsistent
Cafes/Restaurants,Shawerma w Mashawi Al Helou,2026-04-20/2026-04-26,0.0260493827160493,2110.0,1,2100.0,10.0,3100.0,0.009407407407407349,11.290322580645716,improving,3,inconsistent
Cafes/Restaurants,Shawerma w Mashawi Al Helou,2026-04-27/2026-05-03,0.0001358024691358,11.0,1,1.0,10.0,2100.0,0.009448559670781833,0.004374453193350725,stable,3,inconsistent
Cafes/Restaurants,Shawerma w Mashawi Al Helou,2026-05-04/2026-05-10,4.3209876543209875e-05,3.5,2,7.0,0.0,51100.0,0.008742798353909436,-0.07469512195121675,stable,3,inconsistent
Cafes/Restaurants,Vanilla Palestine,2025-03-03/2025-03-09,0.0069712230215827,969.0,1,963.0,6.0,0.0,0.0069712230215827,0.0,stable,3,inconsistent
Cafes/Restaurants,Vanilla Palestine,2025-03-10/2025-03-16,0.0003453237410071,48.0,1,44.0,4.0,0.0,0.0036582733812949002,-0.47523219814242146,declining,3,inconsistent
Cafes/Restaurants,Vanilla Palestine,2025-03-17/2025-03-23,3.597122302158273e-05,5.0,1,4.0,1.0,0.0,0.0024508393285371274,-0.33005571943625045,declining,3,inconsistent
Cafes/Restaurants,Vanilla Palestine,2025-04-21/2025-04-27,0.0093525179856115,1300.0,1,1300.0,0.0,0.0,0.0032446043165467275,0.3238747553816135,improving,3,inconsistent
Cafes/Restaurants,Vanilla Palestine,2025-04-28/2025-05-04,0.0086546762589928,1203.0,1,1200.0,3.0,0.0,0.0060143884892086275,0.8536585365853842,improving,3,inconsistent
Cafes/Restaurants,Vanilla Palestine,2025-06-02/2025-06-08,0.008075539568345249,1122.5,2,2200.0,45.0,0.0,0.008694244604316516,0.44557416267942207,improving,3,inconsistent
Cafes/Restaurants,Vanilla Palestine,2025-06-23/2025-06-29,0.0042661870503597,593.0,1,580.0,13.0,0.0,0.006998800959232583,-0.19500758516066818,declining,3,inconsistent
Cafes/Restaurants,Vanilla Palestine,2025-11-03/2025-11-09,0.0003165467625899,44.0,1,42.0,2.0,0.0,0.004219424460431617,-0.3971218091485379,declining,3,inconsistent
Cafes/Restaurants,Vanilla Palestine,2025-12-01/2025-12-07,0.0037625899280575,523.0,1,515.0,8.0,0.0,0.0027817745803357004,-0.34072179596476415,declining,3,inconsistent
Cafes/Restaurants,Vanilla Palestine,2026-02-16/2026-02-22,0.0072374100719424,1006.0,1,1000.0,6.0,0.0,0.0037721822541966,0.3560344827586206,improving,3,inconsistent
Cafes/Restaurants,Vanilla Palestine,2026-03-16/2026-03-22,0.0019964028776978,277.5,2,550.0,5.0,0.0,0.0043321342925659,0.14844246662428517,improving,3,inconsistent
Cafes/Restaurants,Vanilla Palestine,2026-03-23/2026-03-29,0.0007841726618705,109.0,1,109.0,0.0,355000.0,0.003339328537170233,-0.22917243288126077,declining,3,inconsistent
Cafes/Restaurants,Vanilla Palestine,2026-03-30/2026-04-05,0.008719424460431599,1212.0,2,2411.0,13.0,150000.0,0.0038333333333332997,0.14793536804308838,improving,3,inconsistent
Cafes/Restaurants,Vanilla Palestine,2026-04-06/2026-04-12,0.010805755395683401,1502.0,3,4500.0,6.0,221000.0,0.006769784172661834,0.7660306537378851,improving,3,inconsistent
Cafes/Restaurants,Vanilla Palestine,2026-04-13/2026-04-19,0.007794964028776949,1083.5,2,2164.0,3.0,100000.0,0.009106714628297317,0.3452001416932349,improving,3,inconsistent
Cafes/Restaurants,Vanilla Palestine,2026-04-20/2026-04-26,0.0062206235011990005,864.6666666666666,3,2586.0,8.0,160000.0,0.008273780975219783,-0.09146368224709245,stable,3,inconsistent
Cafes/Restaurants,Vanilla Palestine,2026-04-27/2026-05-03,0.0053932853717025995,749.6666666666666,3,2235.0,14.0,109000.0,0.006469624300559516,-0.21805709869088508,declining,3,inconsistent
Cafes/Restaurants,Vanilla Palestine,2026-05-04/2026-05-10,0.00040287769784165,56.0,2,111.0,1.0,33300.0,0.004005595523581083,-0.3808611849014687,declining,3,inconsistent
Cafes/Restaurants,Vienna Restaurant & Cafe,2020-08-31/2020-09-06,0.0,0.0,1,0.0,0.0,279.0,0.0,0.0,stable,1,stable
Cafes/Restaurants,Vienna Restaurant & Cafe,2023-02-20/2023-02-26,0.0201064458900059,34.0,1,32.0,2.0,1479.0,0.01005322294500295,0.0,stable,1,stable
Cafes/Restaurants,Vienna Restaurant & Cafe,2023-03-13/2023-03-19,0.009067612852355533,15.333333333333334,3,42.0,4.0,2694.0,0.00972468624745381,-0.03267973856209383,stable,1,stable
Cafes/Restaurants,Wakeup coffee,2026-03-02/2026-03-08,5.555555555555556e-05,1.0,2,2.0,0.0,0.0,5.555555555555556e-05,0.0,stable,3,inconsistent
Cafes/Restaurants,Wakeup coffee,2026-03-09/2026-03-15,5.555555555555556e-05,1.0,1,1.0,0.0,0.0,5.555555555555556e-05,0.0,stable,3,inconsistent
Cafes/Restaurants,Wakeup coffee,2026-03-16/2026-03-22,5.555555555555556e-05,1.0,1,1.0,0.0,0.0,5.555555555555556e-05,0.0,stable,3,inconsistent
Cafes/Restaurants,Wakeup coffee,2026-04-06/2026-04-12,0.00013888888888885,2.5,2,4.0,1.0,2116.0,8.333333333332037e-05,0.49999999999976663,improving,3,inconsistent
Cafes/Restaurants,Wakeup coffee,2026-04-13/2026-04-19,0.00014814814814811852,2.6666666666666665,3,6.0,2.0,2181.0,0.0001141975308641747,0.3703703703703094,improving,3,inconsistent
Cafes/Restaurants,Wakeup coffee,2026-04-20/2026-04-26,0.0001249999999999889,2.25,4,9.0,0.0,3015.0,0.00013734567901231914,0.20270270270271085,improving,3,inconsistent
Cafes/Restaurants,Wakeup coffee,2026-04-27/2026-05-03,0.00019444444444441389,3.5,4,13.0,1.0,2150.0,0.00015586419753084045,0.1348314606742036,improving,3,inconsistent
Cafes/Restaurants,Wakeup coffee,2026-05-04/2026-05-10,9.999999999999111e-05,1.8,5,8.0,1.0,1873.0,0.00013981481481479798,-0.10297029702967431,declining,3,inconsistent
Fashion,528 Fashion,2026-04-27/2026-05-03,0.0001111111111111,0.5,4,2.0,0.0,2223.0,0.0001111111111111,0.0,stable,2,stable
Fashion,528 Fashion,2026-05-04/2026-05-10,0.0005185185185185,2.3333333333333335,3,7.0,0.0,1400.0,0.0003148148148148,1.8333333333334831,improving,2,improving
Fashion,99streetwear,2026-05-04/2026-05-10,0.0005769230769230111,3.0,9,24.0,3.0,12300.0,0.0005769230769230111,0.0,stable,1,stable
Fashion,Angel shop PS,2025-12-22/2025-12-28,0.0312857142857142,438.0,2,717.0,159.0,283000.0,0.0312857142857142,0.0,stable,3,inconsistent
Fashion,Angel shop PS,2025-12-29/2026-01-04,0.0019285714285714,27.0,1,24.0,3.0,9700.0,0.0166071428571428,-0.46917808219178125,declining,3,inconsistent
Fashion,Angel shop PS,2026-01-05/2026-01-11,0.002,28.0,1,24.0,4.0,18000.0,0.0117380952380952,-0.29318996415770593,declining,3,inconsistent
Fashion,Angel shop PS,2026-01-12/2026-01-18,0.0035,49.0,1,43.0,6.0,15000.0,0.002476190476190467,-0.7890466531440163,declining,3,inconsistent
Fashion,Angel shop PS,2026-01-26/2026-02-01,0.0037857142857142,53.0,1,53.0,0.0,14000.0,0.0030952380952380663,0.2499999999999929,improving,3,inconsistent
Fashion,Angel shop PS,2026-02-09/2026-02-15,0.0026428571428571,37.0,2,64.0,10.0,94000.0,0.003309523809523767,0.06923076923076543,stable,3,inconsistent
Fashion,Angel shop PS,2026-03-30/2026-04-05,0.0044285714285714,62.0,1,53.0,9.0,14000.0,0.003619047619047567,0.09352517985611342,stable,3,inconsistent
Fashion,Angel shop PS,2026-04-06/2026-04-12,0.0243571428571428,341.0,2,600.0,82.0,68000.0,0.010476190476190432,1.8947368421052926,improving,3,inconsistent
Fashion,Angel shop PS,2026-04-13/2026-04-19,0.0005,7.0,1,5.0,2.0,8400.0,0.009761904761904734,-0.06818181818181701,stable,3,inconsistent
Fashion,Baby Bump,2026-01-19/2026-01-25,0.0002666666666666,4.0,1,2.0,2.0,0.0,0.0002666666666666,0.0,stable,3,inconsistent
Fashion,Baby Bump,2026-03-23/2026-03-29,0.0002333333333333,3.5,2,7.0,0.0,0.0,0.00024999999999995,-0.06249999999995304,stable,3,inconsistent
Fashion,Baby Bump,2026-03-30/2026-04-05,0.0001,1.5,2,3.0,0.0,0.0,0.00019999999999996667,-0.19999999999997342,declining,3,inconsistent
Fashion,Baby Bump,2026-04-06/2026-04-12,0.00115999999999998,17.4,5,85.0,2.0,0.0,0.0004977777777777601,1.4888888888892153,improving,3,inconsistent
Fashion,Bella Kids,2026-05-04/2026-05-10,0.0005974842767295334,3.1666666666666665,12,27.0,11.0,5072.0,0.0005974842767295334,0.0,stable,1,stable
Fashion,EUROMODA,2023-05-01/2023-05-07,0.0052027027027027,77.0,1,77.0,0.0,4788.0,0.0052027027027027,0.0,stable,3,inconsistent
Fashion,EUROMODA,2023-05-15/2023-05-21,0.0045945945945945,68.0,1,68.0,0.0,39800.0,0.0048986486486486,-0.058441558441567176,stable,3,inconsistent
Fashion,EUROMODA,2023-05-22/2023-05-28,0.004054054054054,60.0,1,59.0,1.0,4642.0,0.0046171171171170665,-0.05747126436781713,stable,3,inconsistent
Fashion,EUROMODA,2023-05-29/2023-06-04,0.0010135135135135,15.0,1,15.0,0.0,2282.0,0.0032207207207206666,-0.30243902439024795,declining,3,inconsistent
Fashion,EUROMODA,2023-09-18/2023-09-24,0.0159459459459459,236.0,1,236.0,0.0,45000.0,0.007004504504504467,1.1748251748251999,improving,3,inconsistent
Fashion,EUROMODA,2023-09-25/2023-10-01,0.00831081081081075,123.0,2,246.0,0.0,58032.0,0.008423423423423384,0.2025723472668819,improving,3,inconsistent
Fashion,EUROMODA,2023-10-02/2023-10-08,0.0066216216216216,98.0,1,98.0,0.0,56400.0,0.01029279279279275,0.22192513368984024,improving,3,inconsistent
Fashion,Fashion Shop Ramallah,2026-04-27/2026-05-03,8.080808080806666e-05,1.3333333333333333,3,4.0,0.0,596.0,8.080808080806666e-05,0.0,stable,2,stable
Fashion,Fashion Shop Ramallah,2026-05-04/2026-05-10,0.00014545454545451212,2.4,5,12.0,0.0,1360.0,0.00011313131313128938,0.3999999999999513,improving,2,improving
Fashion,Ghazala__store غزالة ستور,2026-04-13/2026-04-19,0.0012903225806451,4.0,1,3.0,1.0,0.0,0.0012903225806451,0.0,stable,2,stable
Fashion,Ghazala__store غزالة ستور,2026-04-20/2026-04-26,0.0012903225806451,4.0,1,3.0,1.0,1000.0,0.0012903225806451,0.0,stable,2,stable
Fashion,Ghazala__store غزالة ستور,2026-04-27/2026-05-03,0.00010752688172040001,0.3333333333333333,3,1.0,0.0,2120.0,0.0008960573476701999,-0.305555555555562,declining,2,declining
Fashion,Ghazala__store غزالة ستور,2026-05-04/2026-05-10,0.0,0.0,1,0.0,0.0,652.0,0.00046594982078849995,-0.48000000000000453,declining,2,declining
Fashion,Grand Shop,2026-05-04/2026-05-10,0.000548,13.7,10,132.0,5.0,47900.0,0.000548,0.0,stable,1,stable
Fashion,Grand Stores Mall,2026-05-04/2026-05-10,0.0005064599483203969,21.77777777777778,9,196.0,0.0,36378.0,0.0005064599483203969,0.0,stable,1,stable
Fashion,Hala Fashion هلا فاشن,2026-05-04/2026-05-10,0.010444444444444444,10.444444444444445,9,90.0,4.0,7044.0,0.010444444444444444,0.0,stable,1,stable
Fashion,Hijjawi Fashion - الحجاوي للأزياء,2026-03-09/2026-03-15,2.8793774319066145e-05,7.4,5,36.0,1.0,0.0,2.8793774319066145e-05,0.0,stable,2,stable
Fashion,Hijjawi Fashion - الحجاوي للأزياء,2026-03-30/2026-04-05,3.501945525291829e-05,9.0,1,9.0,0.0,0.0,3.190661478599222e-05,0.10810810810810834,improving,2,improving
Fashion,Hijjawi Fashion - الحجاوي للأزياء,2026-04-06/2026-04-12,3.30739299610895e-05,8.5,2,17.0,0.0,0.0,3.229571984435798e-05,0.012195121951219523,stable,2,stable
Fashion,Hijjawi Fashion - الحجاوي للأزياء,2026-04-27/2026-05-03,4.280155642023346e-05,11.0,3,30.0,3.0,0.0,3.696498054474708e-05,0.14457831325301207,improving,2,improving
Fashion,KOTON Palestine,2024-09-23/2024-09-29,0.0049756888168557,307.0,1,307.0,0.0,106000.0,0.0049756888168557,0.0,stable,3,inconsistent
Fashion,KOTON Palestine,2024-12-23/2024-12-29,0.0160129659643436,988.0,1,988.0,0.0,167000.0,0.01049432739059965,1.109120521172656,improving,3,inconsistent
Fashion,KOTON Palestine,2025-02-17/2025-02-23,0.0086547811993517,534.0,1,529.0,5.0,105000.0,0.009881145326850332,-0.05842985842985782,stable,3,inconsistent
Fashion,KOTON Palestine,2026-03-09/2026-03-15,0.0,0.0,1,0.0,0.0,1264.0,0.008222582387898433,-0.16785128485511058,declining,3,inconsistent
Fashion,KOTON Palestine,2026-03-16/2026-03-22,0.0,0.0,1,0.0,0.0,1313.0,0.0028849270664505666,-0.6491458607095927,declining,3,inconsistent
Fashion,KOTON Palestine,2026-03-23/2026-03-29,0.0001134521880064,7.0,1,7.0,0.0,2659.0,3.7817396002133334e-05,-0.9868913857677999,declining,3,inconsistent
Fashion,KOTON Palestine,2026-04-20/2026-04-26,0.0002755267423014,17.0,1,15.0,2.0,2810.0,0.00012965964343593332,2.4285714285726874,improving,3,inconsistent
Fashion,KOTON Palestine,2026-04-27/2026-05-03,0.0002917341977309,18.0,1,17.0,1.0,2434.0,0.00022690437601289998,0.7500000000001286,improving,3,inconsistent
Fashion,LOFT Palestine,2026-02-16/2026-02-22,0.0009107468123861,4.0,2,8.0,0.0,36734.0,0.0009107468123861,0.0,stable,3,inconsistent
Fashion,LOFT Palestine,2026-02-23/2026-03-01,0.0300546448087431,132.0,1,130.0,2.0,224000.0,0.0154826958105646,16.000000000000988,improving,3,inconsistent
Fashion,LOFT Palestine,2026-03-02/2026-03-08,0.0209471766848816,92.0,2,184.0,0.0,1906000.0,0.017304189435336934,0.11764705882353121,improving,3,inconsistent
Fashion,LOFT Palestine,2026-03-16/2026-03-22,0.0357468123861566,157.0,2,310.0,4.0,72800.0,0.02891621129326043,0.6710526315789489,improving,3,inconsistent
Fashion,LOFT Palestine,2026-03-30/2026-04-05,0.002959927140255,13.0,1,13.0,0.0,1391.0,0.019884638737097737,-0.31233595800524894,declining,3,inconsistent
Fashion,Lujain fashion,2026-04-13/2026-04-19,0.0142857142857142,200.0,1,196.0,4.0,0.0,0.0142857142857142,0.0,stable,2,stable
Fashion,Lujain fashion,2026-04-27/2026-05-03,0.001864285714285677,26.1,10,249.0,12.0,0.0,0.008074999999999938,-0.43475000000000097,declining,2,declining
Fashion,MAS CO,2026-03-16/2026-03-22,0.0004166666666666,2.0,1,2.0,0.0,142.0,0.0004166666666666,0.0,stable,2,stable
Fashion,MAS CO,2026-05-04/2026-05-10,0.0006249999999999625,3.0,8,23.0,1.0,0.0,0.0005208333333332813,0.25000000000007505,improving,2,improving
Fashion,Mabella - مابيلا,2026-04-27/2026-05-03,0.00025974025974023475,20.0,4,78.0,2.0,18200.0,0.00025974025974023475,0.0,stable,2,stable
Fashion,Mabella - مابيلا,2026-05-04/2026-05-10,0.002280519480519453,175.6,5,873.0,5.0,29903.0,0.0012701298701298439,3.890000000000369,improving,2,improving
Fashion,Mikkawi 1955,2025-05-19/2025-05-25,0.0228085867620751,1275.0,1,1275.0,0.0,1900000.0,0.0228085867620751,0.0,stable,2,stable
Fashion,Mikkawi 1955,2025-08-04/2025-08-10,0.0028085867620751,157.0,1,152.0,5.0,310000.0,0.0128085867620751,-0.4384313725490203,declining,2,declining
Fashion,Mikkawi 1955,2026-04-20/2026-04-26,0.0013893858079904,77.66666666666667,3,231.0,2.0,70418.0,0.009002186444046866,-0.29717566728740064,declining,2,declining
Fashion,Mikkawi 1955,2026-04-27/2026-05-03,0.0019409660107334,108.5,2,213.0,4.0,76500.0,0.0020463128602663003,-0.7726871274011966,declining,2,declining
Fashion,Mikkawi 1955,2026-05-04/2026-05-10,0.0011091234347048,62.0,2,124.0,0.0,16752.0,0.0014798250844762,-0.27683341427878205,declining,2,declining
Fashion,ROZAL,2026-05-04/2026-05-10,0.0002479757085020032,18.846153846153847,13,225.0,20.0,61574.0,0.0002479757085020032,0.0,stable,1,stable
Fashion,Ronza Elegant,2026-05-04/2026-05-10,0.000714285714285675,10.0,12,115.0,5.0,6489.0,0.000714285714285675,0.0,stable,1,stable
Fashion,Shamsboutique,2026-03-09/2026-03-15,0.006765899864682001,5.0,3,15.0,0.0,12300.0,0.006765899864682001,0.0,stable,3,inconsistent
Fashion,Shamsboutique,2026-03-16/2026-03-22,0.005799342741155999,4.285714285714286,7,24.0,6.0,9900.0,0.006282621302919,-0.07142857142857151,stable,3,inconsistent
Fashion,Shamsboutique,2026-03-23/2026-03-29,0.0,0.0,2,0.0,0.0,3200.0,0.004188414201946,-0.33333333333333326,declining,3,inconsistent
Fashion,Shamsboutique,2026-05-04/2026-05-10,0.023680649526387,17.5,2,32.0,3.0,9566.0,0.009826664089181,1.3461538461538458,improving,3,inconsistent
Fashion,Venus Boutique / فينوس بوتيك,2025-05-05/2025-05-11,1.2540894220283534e-05,1.6428571428571428,14,22.0,1.0,232860.0,1.2540894220283534e-05,0.0,stable,1,stable
Fashion,drift.for.men,2025-03-03/2025-03-09,0.0134,335.0,1,334.0,1.0,97000.0,0.0134,0.0,stable,2,stable
Fashion,drift.for.men,2025-10-20/2025-10-26,0.00872,218.0,1,216.0,2.0,44900.0,0.01106,-0.17462686567164176,declining,2,declining
Fashion,جروان الدوار,2025-04-28/2025-05-04,0.0,0.0,3,0.0,0.0,20700.0,0.0,0.0,stable,1,stable
Fashion,جروان الدوار,2025-05-05/2025-05-11,0.0,0.0,11,0.0,0.0,103000.0,0.0,0.0,stable,1,stable
Fashion,متجر الأميرات للسيدات,2026-05-04/2026-05-10,0.006249999999999958,35.0,12,370.0,50.0,66293.0,0.006249999999999958,0.0,stable,1,stable
Fashion,متجر تبارك للزي الشرعي,2026-03-30/2026-04-05,0.0004974271012006455,26.363636363636363,11,284.0,6.0,80900.0,0.0004974271012006455,0.0,stable,2,stable
Fashion,متجر تبارك للزي الشرعي,2026-04-27/2026-05-03,0.0003018867924528,16.0,1,16.0,0.0,7000.0,0.00039965694682672273,-0.19655172413793653,declining,2,declining
Gym,Hulk Gym / Diaa Shabaro,2025-02-24/2025-03-02,0.00536,134.0,2,262.0,6.0,15164.0,0.00536,0.0,stable,2,stable
Gym,Hulk Gym / Diaa Shabaro,2025-03-03/2025-03-09,0.00453,113.25,4,449.0,4.0,21376.0,0.004945,-0.0774253731343284,stable,2,stable
Gym,Hulk Gym / Diaa Shabaro,2025-03-10/2025-03-16,0.005493333333333334,137.33333333333334,3,412.0,0.0,22118.0,0.005127777777777778,0.03696213908549617,stable,2,stable
Gym,Hulk Gym / Diaa Shabaro,2025-03-17/2025-03-23,0.00508,127.0,1,123.0,4.0,7677.0,0.005034444444444445,-0.01820151679306603,stable,2,stable
Gym,Hulk Gym / Diaa Shabaro,2025-04-07/2025-04-13,0.01276,319.0,1,319.0,0.0,16700.0,0.007777777777777778,0.544912822776429,improving,2,improving
Gym,Hulk Gym / Diaa Shabaro,2025-04-21/2025-04-27,0.0048,120.0,1,120.0,0.0,5864.0,0.007546666666666667,-0.029714285714285804,stable,2,stable
Gym,Hulk Gym / Diaa Shabaro,2025-06-16/2025-06-22,0.03096,774.0,1,774.0,0.0,43500.0,0.016173333333333335,1.1431095406360425,improving,2,improving
Gym,Hulk Gym / Diaa Shabaro,2025-07-21/2025-07-27,0.02188,547.0,1,547.0,0.0,161000.0,0.019213333333333332,0.1879637262984335,improving,2,improving
Gym,Hulk Gym / Diaa Shabaro,2025-07-28/2025-08-03,0.00952,238.0,1,238.0,0.0,65400.0,0.020786666666666665,0.08188757807078417,stable,2,stable
Gym,Pulse Gym & Fitness,2025-11-17/2025-11-23,0.0035576638007708,24.0,1,24.0,0.0,4594.0,0.0035576638007708,0.0,stable,3,inconsistent
Gym,Pulse Gym & Fitness,2025-11-24/2025-11-30,0.0032611918173731996,22.0,2,43.0,1.0,5584.0,0.003409427809072,-0.04166666666667129,stable,3,inconsistent
Gym,Pulse Gym & Fitness,2025-12-01/2025-12-07,0.0126000592943966,85.0,1,83.0,2.0,7870.0,0.006472971637513533,0.8985507246376889,improving,3,inconsistent
Gym,Pulse Gym & Fitness,2025-12-08/2025-12-14,0.005484731692855,37.0,1,37.0,0.0,5380.0,0.0071153276015416,0.09923664122137499,stable,3,inconsistent
Gym,Pulse Gym & Fitness,2025-12-29/2026-01-04,0.0111176993774088,75.0,1,71.0,4.0,8435.0,0.0097341634548868,0.3680555555555596,improving,3,inconsistent
Gym,Pulse Gym & Fitness,2026-01-05/2026-01-11,0.00607767565965015,41.0,2,82.0,0.0,8599.0,0.007560035576637984,-0.22335025380710538,declining,3,inconsistent
Gym,Pulse Gym & Fitness,2026-01-12/2026-01-18,0.0068929736139934,46.5,2,93.0,0.0,12838.0,0.008029449550350783,0.06209150326797164,stable,3,inconsistent
Gym,Pulse Gym & Fitness,2026-01-26/2026-02-01,0.0091906314853246,62.0,1,60.0,2.0,8053.0,0.007387093586322717,-0.08000000000000052,stable,3,inconsistent
Gym,Pulse Gym & Fitness,2026-02-09/2026-02-15,0.00088941595019265,6.0,2,10.0,2.0,6612.0,0.005657673683170216,-0.23411371237458534,declining,3,inconsistent
Gym,Pulse Gym & Fitness,2026-03-09/2026-03-15,0.0100800474355173,68.0,1,68.0,0.0,7431.0,0.0067200316236781825,0.18777292576419602,improving,3,inconsistent
Gym,Pulse Gym & Fitness,2026-03-23/2026-03-29,0.0053364957011562,36.0,1,35.0,1.0,4483.0,0.00543531969562205,-0.19117647058823672,declining,3,inconsistent
Gym,Pulse Gym & Fitness,2026-04-27/2026-05-03,0.039875481766973,269.0,1,269.0,0.0,34000.0,0.018430674967882168,2.390909090909114,improving,3,inconsistent
Gym,Xtreme Fitness Ramallah,2023-09-11/2023-09-17,0.0223214285714285,100.0,1,100.0,0.0,27300.0,0.0223214285714285,0.0,stable,3,inconsistent
Gym,Xtreme Fitness Ramallah,2025-07-14/2025-07-20,0.00625,28.0,1,28.0,0.0,5292.0,0.014285714285714249,-0.35999999999999954,declining,3,inconsistent
Gym,Xtreme Fitness Ramallah,2025-08-25/2025-08-31,0.0075892857142857,34.0,1,34.0,0.0,3106.0,0.0120535714285714,-0.1562499999999999,declining,3,inconsistent
Gym,Xtreme Fitness Ramallah,2025-10-20/2025-10-26,0.0089285714285714,40.0,1,40.0,0.0,9606.0,0.0075892857142857,-0.37037037037037,declining,3,inconsistent
Gym,Xtreme Fitness Ramallah,2025-12-01/2025-12-07,0.015625,70.0,1,70.0,0.0,5566.0,0.010714285714285699,0.4117647058823535,improving,3,inconsistent
Gym,Xtreme Fitness Ramallah,2025-12-22/2025-12-28,0.0546875,245.0,1,245.0,0.0,24200.0,0.026413690476190466,1.4652777777777803,improving,3,inconsistent
Gym,Xtreme Fitness Ramallah,2025-12-29/2026-01-04,0.0205357142857142,92.0,1,92.0,0.0,12000.0,0.030282738095238067,0.14647887323943598,improving,3,inconsistent
Gym,Xtreme Fitness Ramallah,2026-02-02/2026-02-08,0.0158482142857142,71.0,1,70.0,1.0,22900.0,0.0303571428571428,0.0024570024570016447,stable,3,inconsistent
Influencers,Ahmed Sh Ajwa,2025-12-29/2026-01-04,0.0002969333333333,4454.0,1,4304.0,150.0,291000.0,0.0002969333333333,0.0,stable,1,stable
Influencers,Al Jazeera English,2024-12-16/2024-12-22,0.0051454545454545,5660.0,1,5550.0,110.0,133000.0,0.0051454545454545,0.0,stable,2,stable
Influencers,Al Jazeera English,2025-01-13/2025-01-19,0.0124363636363636,13680.0,1,13500.0,180.0,206000.0,0.00879090909090905,0.708480565371032,improving,2,improving
Influencers,FPAIspal,2026-02-23/2026-03-01,0.0302554545454545,33281.0,1,32200.0,1081.0,0.0,0.0302554545454545,0.0,stable,1,stable
Influencers,Fekreebrahem,2025-01-20/2025-01-26,0.0012354545454545,1359.0,1,1344.0,15.0,44600.0,0.0012354545454545,0.0,stable,3,inconsistent
Influencers,Fekreebrahem,2026-02-02/2026-02-08,0.0014936363636363,1643.0,1,1601.0,42.0,0.0,0.0013645454545454,0.1044885945548164,improving,3,inconsistent
Influencers,Fekreebrahem,2026-02-16/2026-02-22,0.000680909090909,749.0,1,737.0,12.0,0.0,0.0011366666666666,-0.16699977792584286,declining,3,inconsistent
Influencers,Gintifada,2026-02-16/2026-02-22,0.0036890909090909,4058.0,1,4004.0,54.0,0.0,0.0036890909090909,0.0,stable,1,stable
Influencers,Hamdan ElDahdouh,2025-02-03/2025-02-09,0.0042672727272727,4694.0,1,4634.0,60.0,191000.0,0.0042672727272727,0.0,stable,2,stable
Influencers,Hamdan ElDahdouh,2026-02-02/2026-02-08,0.0237454545454545,26120.0,1,25100.0,1020.0,0.0,0.0140063636363636,2.282275244993621,improving,2,improving
Influencers,Hind Khoudary,2026-03-09/2026-03-15,0.0083663636363636,9203.0,1,9139.0,64.0,0.0,0.0083663636363636,0.0,stable,1,stable
Influencers,MIFTAH,2024-12-23/2024-12-29,0.001370909090909,1508.0,1,1490.0,18.0,41800.0,0.001370909090909,0.0,stable,1,stable
Influencers,Moath Kahlout,2026-03-09/2026-03-15,0.000990909090909,1090.0,1,1078.0,12.0,0.0,0.000990909090909,0.0,stable,1,stable
Influencers,Motaz Azaiza,2025-12-22/2025-12-28,0.018942,284130.0,1,277000.0,7130.0,10700000.0,0.018942,0.0,stable,3,inconsistent
Influencers,Motaz Azaiza,2025-12-29/2026-01-04,0.003246,48690.0,3,144700.0,1370.0,4417000.0,0.011094,-0.41431738992714606,declining,3,inconsistent
Influencers,Motaz Azaiza,2026-01-05/2026-01-11,0.0017,25500.0,1,24900.0,600.0,1000000.0,0.007962666666666667,-0.2822546721951805,declining,3,inconsistent
Influencers,Motaz Azaiza,2026-01-19/2026-01-25,0.00105966666666665,15895.0,2,31500.0,290.0,2300000.0,0.0020018888888888834,-0.7485906452333118,declining,3,inconsistent
Influencers,Motaz Azaiza,2026-01-26/2026-02-01,0.00611199999999995,91680.0,2,178800.0,4560.0,7500000.0,0.0029572222222221996,0.4772159627018855,improving,3,inconsistent
Influencers,Motaz Azaiza,2026-02-02/2026-02-08,0.0016913333333333,25370.0,1,24500.0,870.0,694000.0,0.0029543333333332997,-0.0009768927296675,stable,3,inconsistent
Influencers,Motaz Azaiza,2026-02-09/2026-02-15,0.0007184,10776.0,1,10700.0,76.0,828000.0,0.0028405777777777493,-0.038504644777914376,stable,3,inconsistent
Influencers,Motaz Azaiza,2026-02-16/2026-02-22,0.0006490666666666,9736.0,1,9386.0,350.0,947000.0,0.0010195999999999662,-0.6410589394958854,declining,3,inconsistent
Influencers,Motaz Azaiza,2026-02-23/2026-03-01,0.00297506666666665,44626.0,2,88400.0,852.0,3700000.0,0.001447511111111083,0.4196852796303756,improving,3,inconsistent
Influencers,Motaz Azaiza,2026-03-02/2026-03-08,0.0019326666666666,28990.0,1,27900.0,1090.0,2000000.0,0.0018522666666666162,0.2796217261813281,improving,3,inconsistent
Influencers,Motaz Azaiza,2026-03-09/2026-03-15,0.0067328,100992.0,1,99000.0,1992.0,2000000.0,0.003880177777777749,1.094826758806069,improving,3,inconsistent
Influencers,Motaz Azaiza,2026-03-23/2026-03-29,0.0008293333333333,12440.0,2,24637.0,243.0,1288000.0,0.003164933333333299,-0.18433290570879057,declining,3,inconsistent
Influencers,Motaz Azaiza,2026-04-27/2026-05-03,0.01018866666666665,152830.0,2,297100.0,8560.0,12659000.0,0.005916933333333316,0.8695285840670832,improving,3,inconsistent
Influencers,Motaz Foundation,2025-12-15/2025-12-21,0.0008173333333333,12260.0,1,12100.0,160.0,638000.0,0.0008173333333333,0.0,stable,3,inconsistent
Influencers,Motaz Foundation,2025-12-22/2025-12-28,0.0017417666666666,26126.5,2,51100.0,1153.0,2230000.0,0.00127954999999995,0.5655179445350762,improving,3,inconsistent
Influencers,Motaz Foundation,2026-01-26/2026-02-01,0.0008106666666666,12160.0,1,12000.0,160.0,517000.0,0.0011232555555555001,-0.12214797737052563,declining,3,inconsistent
Influencers,Motaz Foundation,2026-02-16/2026-02-22,0.0006563333333333,9845.0,2,19446.0,244.0,1327000.0,0.0010695888888888332,-0.04777778876876004,stable,3,inconsistent
Influencers,Motaz Foundation,2026-02-23/2026-03-01,0.00035589999999995,5338.5,2,10533.0,144.0,1009000.0,0.0006076333333332834,-0.4319001069985524,declining,3,inconsistent
Influencers,Motaz Foundation,2026-03-09/2026-03-15,0.0011774,17661.0,1,17400.0,261.0,848000.0,0.0007298777777777501,0.20118126794307423,improving,3,inconsistent
Influencers,Motaz Foundation,2026-03-16/2026-03-22,0.0016113333333333,24170.0,1,23900.0,270.0,922000.0,0.0010482111111110833,0.43614608229690033,improving,3,inconsistent
Influencers,Nour Alsaqa,2024-12-23/2024-12-29,0.0284090909090909,31250.0,1,30400.0,850.0,574000.0,0.0284090909090909,0.0,stable,2,stable
Influencers,Nour Alsaqa,2024-12-30/2025-01-05,0.1299090909090909,142900.0,1,140000.0,2900.0,2300000.0,0.0791590909090909,1.7864000000000004,improving,2,improving
Influencers,Plestia Alaqad,2024-12-23/2024-12-29,0.0096454545454545,10610.0,1,10500.0,110.0,342000.0,0.0096454545454545,0.0,stable,1,stable
Influencers,The Tatreez Grove,2026-02-09/2026-02-15,0.0022445454545454,2469.0,1,2411.0,58.0,0.0,0.0022445454545454,0.0,stable,1,stable
Influencers,Yalda Hakim and Motaz Azaiza,2026-01-19/2026-01-25,0.0001484,2226.0,1,2185.0,41.0,322000.0,0.0001484,0.0,stable,1,stable
Influencers,aburob,2025-12-01/2025-12-07,0.0240350877192982,137000.0,2,257300.0,16700.0,8300000.0,0.0240350877192982,0.0,stable,3,inconsistent
Influencers,aburob,2025-12-22/2025-12-28,0.00981491228070175,55945.0,2,109500.0,2390.0,5200000.0,0.016924999999999975,-0.29582116788321144,declining,3,inconsistent
Influencers,aburob,2025-12-29/2026-01-04,0.0380350877192982,216800.0,1,215000.0,1800.0,3200000.0,0.023961695906432715,0.41575751293546537,improving,3,inconsistent
Influencers,aburob,2026-01-12/2026-01-18,0.035070175438596446,199900.0,2,396600.0,3200.0,21800000.0,0.02764005847953213,0.15351010994643044,improving,3,inconsistent
Influencers,aburob,2026-01-19/2026-01-25,0.0237368421052631,135300.0,1,134000.0,1300.0,4800000.0,0.03228070175438592,0.1678955664399282,improving,3,inconsistent
Influencers,aburob,2026-01-26/2026-02-01,0.013847953216374234,78933.33333333333,3,233100.0,3700.0,9800000.0,0.024218323586744594,-0.2497584541062805,declining,3,inconsistent
Influencers,aburob,2026-02-02/2026-02-08,0.060598245614035,345410.0,2,680000.0,10820.0,28700000.0,0.03272768031189078,0.3513602704443015,improving,3,inconsistent
Influencers,aburob,2026-02-16/2026-02-22,0.03384210526315785,192900.0,2,371000.0,14800.0,18800000.0,0.036096101364522355,0.10292269481157645,improving,3,inconsistent
Influencers,aburob,2026-02-23/2026-03-01,0.01835964912280695,104650.0,2,204100.0,5200.0,5900000.0,0.03759999999999993,0.04166374147418894,stable,3,inconsistent
Influencers,aburob,2026-03-02/2026-03-08,0.0079649122807017,45400.0,1,44200.0,1200.0,3200000.0,0.0200555555555555,-0.4666075650118209,declining,3,inconsistent
Influencers,aburob,2026-03-09/2026-03-15,0.0273333333333333,155800.0,2,296400.0,15200.0,10000000.0,0.01788596491228065,-0.10817903484472957,declining,3,inconsistent
Influencers,aburob,2026-03-16/2026-03-22,0.010766081871344967,61366.666666666664,3,181000.0,3100.0,6400000.0,0.01535477582845999,-0.1415181733965455,declining,3,inconsistent
Influencers,aburob,2026-03-23/2026-03-29,0.0153131578947368,87285.0,2,166100.0,8470.0,4700000.0,0.017804191033138354,0.15952139139266275,improving,3,inconsistent
Influencers,aburob,2026-03-30/2026-04-05,0.016364035087719248,93275.0,2,182300.0,4250.0,6000000.0,0.014147758284600338,-0.20536921569378908,declining,3,inconsistent
Influencers,aburob,2026-04-13/2026-04-19,0.0027157894736842,15480.0,1,14300.0,1180.0,1300000.0,0.011464327485380081,-0.1896718013723162,declining,3,inconsistent
Influencers,aburob,2026-04-20/2026-04-26,0.0058456140350876505,33320.0,2,65100.0,1540.0,3600000.0,0.008308479532163699,-0.27527545398898345,declining,3,inconsistent
Influencers,aburob,2026-05-04/2026-05-10,0.0032105263157894,18300.0,1,18000.0,300.0,948000.0,0.003923976608187083,-0.5277142354390324,declining,3,inconsistent
Influencers,ahmedalhenawi1,2025-12-01/2025-12-07,0.0132578947368421,75570.0,1,74800.0,770.0,2700000.0,0.0132578947368421,0.0,stable,1,stable
Supermarkets,Bravo Supermarket,2026-04-27/2026-05-03,0.001555555555555507,28.0,8,218.0,6.0,47533.0,0.001555555555555507,0.0,stable,1,stable
Supermarkets,Family Market PS,2026-04-06/2026-04-12,0.7455546147332769,1761.0,1,1678.0,83.0,274000.0,0.7455546147332769,0.0,stable,2,stable
Supermarkets,Family Market PS,2026-04-13/2026-04-19,0.4870448772226926,1150.4,5,5664.0,88.0,269400.0,0.6162997459779848,-0.17336740488358893,declining,2,declining
Supermarkets,Family Market PS,2026-04-20/2026-04-26,0.4987298899237934,1178.0,5,5839.0,51.0,264000.0,0.5771097939599209,-0.06358910947768548,stable,2,stable
Supermarkets,Family Market PS,2026-04-27/2026-05-03,0.6104995766299744,1442.0,3,4309.0,17.0,179512.0,0.5320914479254868,-0.07800655352863506,stable,2,stable
Supermarkets,Family Market PS,2026-05-04/2026-05-10,0.624047417442845,1474.0,2,2875.0,73.0,77200.0,0.5777589613322043,0.08582643751326113,stable,2,stable
Supermarkets,Jumbo Supermarket,2026-03-16/2026-03-22,0.015786936611231567,87.33333333333333,3,222.0,40.0,27375.0,0.015786936611231567,0.0,stable,2,stable
Supermarkets,Jumbo Supermarket,2026-04-06/2026-04-12,0.007411424439624,41.0,1,40.0,1.0,6406.0,0.011599180525427783,-0.26526717557251844,declining,2,declining
Supermarkets,Jumbo Supermarket,2026-04-13/2026-04-19,0.007411424439624,41.0,1,40.0,1.0,6535.0,0.010203261830159856,-0.12034632034631998,declining,2,declining
Supermarkets,Jumbo Supermarket,2026-04-27/2026-05-03,0.008556278621354467,47.333333333333336,3,124.0,18.0,16969.0,0.007793042500200823,-0.23622047244094602,declining,2,declining
Supermarkets,Jumbo Supermarket,2026-05-04/2026-05-10,0.003916606411183366,21.666666666666668,3,64.0,1.0,8960.0,0.0066281031573872775,-0.1494845360824768,declining,2,declining
Supermarkets,Katusha Supermarket,2025-07-14/2025-07-20,0.0047675804529201,4.0,1,3.0,1.0,0.0,0.0047675804529201,0.0,stable,3,inconsistent
Supermarkets,Katusha Supermarket,2025-08-04/2025-08-10,0.00238379022646,2.0,1,2.0,0.0,0.0,0.00357568533969005,-0.25000000000000533,declining,3,inconsistent
Supermarkets,Katusha Supermarket,2025-08-11/2025-08-17,0.00238379022646,2.0,1,2.0,0.0,0.0,0.0031783869686133667,-0.11111111111111416,declining,3,inconsistent
Supermarkets,Katusha Supermarket,2025-09-22/2025-09-28,0.0083432657926102,7.0,2,14.0,0.0,0.0,0.0043702820818434,0.37500000000000644,improving,3,inconsistent
Supermarkets,Katusha Supermarket,2025-10-13/2025-10-19,0.0047675804529201,4.0,1,4.0,0.0,0.0,0.005164878823996767,0.18181818181818676,improving,3,inconsistent
Supermarkets,Katusha Supermarket,2025-12-01/2025-12-07,0.00238379022646,2.0,1,2.0,0.0,0.0,0.005164878823996767,0.0,stable,3,inconsistent
Supermarkets,Katusha Supermarket,2025-12-22/2025-12-28,0.0262216924910607,22.0,1,22.0,0.0,0.0,0.011124354390146933,1.1538461538461635,improving,3,inconsistent
Supermarkets,Supermarket 25st,2021-04-19/2021-04-25,0.0116230801162308,112.0,1,106.0,6.0,2977.0,0.0116230801162308,0.0,stable,2,stable
Supermarkets,Supermarket 25st,2021-05-24/2021-05-30,0.0092361975923619,89.0,1,89.0,0.0,8752.0,0.01042963885429635,-0.10267857142857462,declining,2,declining
Supermarkets,Supermarket 25st,2021-10-25/2021-10-31,0.0,0.0,1,0.0,0.0,853.0,0.0069530925695309,-0.33333333333333337,declining,2,declining
Supermarkets,Supermarket 25st,2021-11-29/2021-12-05,0.003217102532171,31.0,1,31.0,0.0,2955.0,0.004151100041510967,-0.4029850746268683,declining,2,declining
Supermarkets,Supermarket 25st,2022-02-28/2022-03-06,0.0074719800747198,72.0,1,70.0,2.0,6140.0,0.003563027535630267,-0.14166666666666172,declining,2,declining
Supermarkets,Supermarket 25st,2025-02-03/2025-02-09,0.0005188875051888,5.0,1,5.0,0.0,717.0,0.0037359900373598667,0.048543689320381445,stable,2,stable
Supermarkets,Supermarket 25st,2025-02-24/2025-03-02,0.0004151100041511,4.0,1,4.0,0.0,647.0,0.0028019925280199005,-0.2499999999999999,declining,2,declining
Supermarkets,Supermarket 25st,2025-03-31/2025-04-06,0.0003113325031133,3.0,1,3.0,0.0,1867.0,0.00041511000415106664,-0.8518518518518625,declining,2,declining
