business_name,sector,week,engagement_rate,rolling_engagement,growth,trend_class
528 Fashion,Fashion,2026-04-27/2026-05-03,0.0001111111111111,0.0001111111111111,0.0,stable
528 Fashion,Fashion,2026-05-04/2026-05-10,0.0005185185185185,0.0003148148148148,1.8333333333334831,improving
99streetwear,Fashion,2026-05-04/2026-05-10,0.0005769230769230111,0.0005769230769230111,0.0,stable
Abu shukri restaurant-مطعم حمص ابو شكري,Cafes/Restaurants,2020-05-18/2020-05-24,0.0217241379310344,0.0217241379310344,0.0,stable
Abu shukri restaurant-مطعم حمص ابو شكري,Cafes/Restaurants,2022-05-02/2022-05-08,0.0310344827586206,0.0263793103448275,0.21428571428571486,improving
Abu shukri restaurant-مطعم حمص ابو شكري,Cafes/Restaurants,2022-09-12/2022-09-18,0.0213793103448275,0.02471264367816083,-0.06318082788671064,stable
Ahmed Sh Ajwa,Influencers,2025-12-29/2026-01-04,0.0002969333333333,0.0002969333333333,0.0,stable
Al Jazeera English,Influencers,2024-12-16/2024-12-22,0.0051454545454545,0.0051454545454545,0.0,stable
Al Jazeera English,Influencers,2025-01-13/2025-01-19,0.0124363636363636,0.00879090909090905,0.708480565371032,improving
Angel shop PS,Fashion,2025-12-22/2025-12-28,0.0312857142857142,0.0312857142857142,0.0,inconsistent
Angel shop PS,Fashion,2025-12-29/2026-01-04,0.0019285714285714,0.0166071428571428,-0.46917808219178125,inconsistent
Angel shop PS,Fashion,2026-01-05/2026-01-11,0.002,0.0117380952380952,-0.29318996415770593,inconsistent
Angel shop PS,Fashion,2026-01-12/2026-01-18,0.0035,0.009678571428571401,-0.17545638945233233,inconsistent
Angel shop PS,Fashion,2026-01-26/2026-02-01,0.0037857142857142,0.0028035714285714,-0.7103321033210352,inconsistent
Angel shop PS,Fashion,2026-02-09/2026-02-15,0.0026428571428571,0.002982142857142825,0.06369426751592289,inconsistent
Angel shop PS,Fashion,2026-03-30/2026-04-05,0.0044285714285714,0.003589285714285675,0.2035928143712573,inconsistent
Angel shop PS,Fashion,2026-04-06/2026-04-12,0.0243571428571428,0.008803571428571374,1.4527363184079718,inconsistent
Angel shop PS,Fashion,2026-04-13/2026-04-19,0.0005,0.007982142857142825,-0.09330628803245244,inconsistent
Baby Bump,Fashion,2026-01-19/2026-01-25,0.0002666666666666,0.0002666666666666,0.0,inconsistent
Baby Bump,Fashion,2026-03-23/2026-03-29,0.0002333333333333,0.00024999999999995,-0.06249999999995304,inconsistent
Baby Bump,Fashion,2026-03-30/2026-04-05,0.0001,0.00019999999999996667,-0.19999999999997342,inconsistent
Baby Bump,Fashion,2026-04-06/2026-04-12,0.00115999999999998,0.00043999999999997004,1.200000000000217,inconsistent
Bella Kids,Fashion,2026-05-04/2026-05-10,0.0005974842767295334,0.0005974842767295334,0.0,stable
Bravo Supermarket,Supermarkets,2026-04-27/2026-05-03,0.001555555555555507,0.001555555555555507,0.0,stable
EUROMODA,Fashion,2023-05-01/2023-05-07,0.0052027027027027,0.0052027027027027,0.0,inconsistent
EUROMODA,Fashion,2023-05-15/2023-05-21,0.0045945945945945,0.0048986486486486,-0.058441558441567176,inconsistent
EUROMODA,Fashion,2023-05-22/2023-05-28,0.004054054054054,0.0046171171171170665,-0.05747126436781713,inconsistent
EUROMODA,Fashion,2023-05-29/2023-06-04,0.0010135135135135,0.003716216216216175,-0.19512195121951237,inconsistent
EUROMODA,Fashion,2023-09-18/2023-09-24,0.0159459459459459,0.0064020270270269755,0.722727272727278,inconsistent
EUROMODA,Fashion,2023-09-25/2023-10-01,0.00831081081081075,0.007331081081081038,0.14511873350923743,inconsistent
EUROMODA,Fashion,2023-10-02/2023-10-08,0.0066216216216216,0.007972972972972938,0.08755760368663768,inconsistent
FPAIspal,Influencers,2026-02-23/2026-03-01,0.0302554545454545,0.0302554545454545,0.0,stable
Family Market PS,Supermarkets,2026-04-06/2026-04-12,0.7455546147332769,0.7455546147332769,0.0,stable
Family Market PS,Supermarkets,2026-04-13/2026-04-19,0.4870448772226926,0.6162997459779848,-0.17336740488358893,declining
Family Market PS,Supermarkets,2026-04-20/2026-04-26,0.4987298899237934,0.5771097939599209,-0.06358910947768548,stable
Family Market PS,Supermarkets,2026-04-27/2026-05-03,0.6104995766299744,0.5854572396274343,0.014464224580623242,stable
Family Market PS,Supermarkets,2026-05-04/2026-05-10,0.624047417442845,0.5550804403048264,-0.051885598582637305,stable
Farouj Abu Alabd,Cafes/Restaurants,2025-04-07/2025-04-13,0.00064,0.00064,0.0,inconsistent
Farouj Abu Alabd,Cafes/Restaurants,2025-08-11/2025-08-17,0.012,0.00632,8.875,inconsistent
Farouj Abu Alabd,Cafes/Restaurants,2025-11-17/2025-11-23,0.00464,0.00576,-0.08860759493670878,inconsistent
Farouj Abu Alabd,Cafes/Restaurants,2025-12-01/2025-12-07,0.01176,0.00726,0.2604166666666665,inconsistent
Farouj Abu Alabd,Cafes/Restaurants,2025-12-22/2025-12-28,0.01296,0.010339999999999998,0.4242424242424241,inconsistent
Farouj Abu Alabd,Cafes/Restaurants,2026-02-16/2026-02-22,0.00488,0.00856,-0.17214700193423582,inconsistent
Farouj Abu Alabd,Cafes/Restaurants,2026-03-09/2026-03-15,0.00148,0.00777,-0.09228971962616817,inconsistent
Farouj Abu Alabd,Cafes/Restaurants,2026-03-30/2026-04-05,0.00262,0.005484999999999999,-0.2940797940797941,inconsistent
Farouj Abu Alabd,Cafes/Restaurants,2026-04-06/2026-04-12,0.00325,0.0030575,-0.44257064721968997,inconsistent
Farouj Abu Alabd,Cafes/Restaurants,2026-04-13/2026-04-19,0.00184,0.0022975,-0.2485690923957481,inconsistent
Farouj Abu Alabd,Cafes/Restaurants,2026-04-20/2026-04-26,0.00031,0.002005,-0.12731229597388471,inconsistent
Farouj Abu Alabd,Cafes/Restaurants,2026-04-27/2026-05-03,0.00104,0.00161,-0.19700748129675794,inconsistent
Farouj Abu Alabd,Cafes/Restaurants,2026-05-04/2026-05-10,0.00668,0.0024675,0.5326086956521738,inconsistent
Fashion Shop Ramallah,Fashion,2026-04-27/2026-05-03,8.080808080806666e-05,8.080808080806666e-05,0.0,stable
Fashion Shop Ramallah,Fashion,2026-05-04/2026-05-10,0.00014545454545451212,0.00011313131313128938,0.3999999999999513,improving
Fekreebrahem,Influencers,2025-01-20/2025-01-26,0.0012354545454545,0.0012354545454545,0.0,inconsistent
Fekreebrahem,Influencers,2026-02-02/2026-02-08,0.0014936363636363,0.0013645454545454,0.1044885945548164,inconsistent
Fekreebrahem,Influencers,2026-02-16/2026-02-22,0.000680909090909,0.0011366666666666,-0.16699977792584286,inconsistent
Ghazala__store غزالة ستور,Fashion,2026-04-13/2026-04-19,0.0012903225806451,0.0012903225806451,0.0,stable
Ghazala__store غزالة ستور,Fashion,2026-04-20/2026-04-26,0.0012903225806451,0.0012903225806451,0.0,stable
Ghazala__store غزالة ستور,Fashion,2026-04-27/2026-05-03,0.00010752688172040001,0.0008960573476701999,-0.305555555555562,declining
Ghazala__store غزالة ستور,Fashion,2026-05-04/2026-05-10,0.0,0.00067204301075265,-0.25,declining
Gintifada,Influencers,2026-02-16/2026-02-22,0.0036890909090909,0.0036890909090909,0.0,stable
Grand Shop,Fashion,2026-05-04/2026-05-10,0.000548,0.000548,0.0,stable
Grand Stores Mall,Fashion,2026-05-04/2026-05-10,0.0005064599483203969,0.0005064599483203969,0.0,stable
Hala Fashion هلا فاشن,Fashion,2026-05-04/2026-05-10,0.010444444444444444,0.010444444444444444,0.0,stable
Hamdan ElDahdouh,Influencers,2025-02-03/2025-02-09,0.0042672727272727,0.0042672727272727,0.0,stable
Hamdan ElDahdouh,Influencers,2026-02-02/2026-02-08,0.0237454545454545,0.0140063636363636,2.282275244993621,improving
Hijjawi Fashion - الحجاوي للأزياء,Fashion,2026-03-09/2026-03-15,2.8793774319066145e-05,2.8793774319066145e-05,0.0,stable
Hijjawi Fashion - الحجاوي للأزياء,Fashion,2026-03-30/2026-04-05,3.501945525291829e-05,3.190661478599222e-05,0.10810810810810834,improving
Hijjawi Fashion - الحجاوي للأزياء,Fashion,2026-04-06/2026-04-12,3.30739299610895e-05,3.229571984435798e-05,0.012195121951219523,stable
Hijjawi Fashion - الحجاوي للأزياء,Fashion,2026-04-27/2026-05-03,4.280155642023346e-05,3.492217898832685e-05,0.08132530120481918,stable
Hind Khoudary,Influencers,2026-03-09/2026-03-15,0.0083663636363636,0.0083663636363636,0.0,stable
Hulk Gym / Diaa Shabaro,Gym,2025-02-24/2025-03-02,0.00536,0.00536,0.0,stable
Hulk Gym / Diaa Shabaro,Gym,2025-03-03/2025-03-09,0.00453,0.004945,-0.0774253731343284,stable
Hulk Gym / Diaa Shabaro,Gym,2025-03-10/2025-03-16,0.005493333333333334,0.005127777777777778,0.03696213908549617,stable
Hulk Gym / Diaa Shabaro,Gym,2025-03-17/2025-03-23,0.00508,0.005115833333333333,-0.0023293607800650706,stable
Hulk Gym / Diaa Shabaro,Gym,2025-04-07/2025-04-13,0.01276,0.006965833333333333,0.36162241407395346,improving
Hulk Gym / Diaa Shabaro,Gym,2025-04-21/2025-04-27,0.0048,0.007033333333333333,0.0096901543246799,stable
Hulk Gym / Diaa Shabaro,Gym,2025-06-16/2025-06-22,0.03096,0.0134,0.9052132701421802,improving
Hulk Gym / Diaa Shabaro,Gym,2025-07-21/2025-07-27,0.02188,0.0176,0.31343283582089554,improving
Hulk Gym / Diaa Shabaro,Gym,2025-07-28/2025-08-03,0.00952,0.01679,-0.04602272727272738,stable
Jericho Resort Village - قرية أريحا السياحية,Cafes/Restaurants,2026-02-16/2026-02-22,0.0011095890410958,0.0011095890410958,0.0,inconsistent
Jericho Resort Village - قرية أريحا السياحية,Cafes/Restaurants,2026-02-23/2026-03-01,0.0009817351598172999,0.00104566210045655,-0.05761316872426703,inconsistent
Jericho Resort Village - قرية أريحا السياحية,Cafes/Restaurants,2026-03-09/2026-03-15,0.0028219178082191,0.0016377473363774,0.5662299854439956,inconsistent
Jericho Resort Village - قرية أريحا السياحية,Cafes/Restaurants,2026-03-16/2026-03-22,9.58904109589041e-05,0.001252283105022776,-0.2353624535315979,inconsistent
Jericho Resort Village - قرية أريحا السياحية,Cafes/Restaurants,2026-03-23/2026-03-29,0.0001780821917808,0.001019406392694026,-0.18596171376480763,inconsistent
Jericho Resort Village - قرية أريحا السياحية,Cafes/Restaurants,2026-03-30/2026-04-05,0.0002671232876712,0.000840753424657501,-0.17525195968645213,inconsistent
Jumbo Supermarket,Supermarkets,2026-03-16/2026-03-22,0.015786936611231567,0.015786936611231567,0.0,stable
Jumbo Supermarket,Supermarkets,2026-04-06/2026-04-12,0.007411424439624,0.011599180525427783,-0.26526717557251844,declining
Jumbo Supermarket,Supermarkets,2026-04-13/2026-04-19,0.007411424439624,0.010203261830159856,-0.12034632034631998,declining
Jumbo Supermarket,Supermarkets,2026-04-27/2026-05-03,0.008556278621354467,0.009791516027958509,-0.04035433070866279,stable
Jumbo Supermarket,Supermarkets,2026-05-04/2026-05-10,0.003916606411183366,0.006823933477946458,-0.30307692307692413,declining
KFC Palestine,Cafes/Restaurants,2023-01-09/2023-01-15,0.0114190317195325,0.0114190317195325,0.0,inconsistent
KFC Palestine,Cafes/Restaurants,2023-01-23/2023-01-29,0.0217529215358931,0.0165859766277128,0.45248538011696127,inconsistent
KFC Palestine,Cafes/Restaurants,2023-01-30/2023-02-05,0.0102838063439065,0.014485253199777365,-0.1266566012414021,inconsistent
KFC Palestine,Cafes/Restaurants,2023-02-13/2023-02-19,0.0023539232053422,0.011452420701168574,-0.2093737994621595,inconsistent
KFC Palestine,Cafes/Restaurants,2023-03-27/2023-04-02,0.0025876460767946,0.0092445742904841,-0.1927842565597674,inconsistent
KFC Palestine,Cafes/Restaurants,2023-04-03/2023-04-09,0.0095325542570951,0.0061894824707846,-0.33047404063205577,inconsistent
KFC Palestine,Cafes/Restaurants,2023-04-17/2023-04-23,0.00859766277128543,0.005767946577629333,-0.06810519217801936,inconsistent
KFC Palestine,Cafes/Restaurants,2023-04-24/2023-04-30,0.0085976627712854,0.007328881469115133,0.2706222865412453,inconsistent
KFC Palestine,Cafes/Restaurants,2023-08-14/2023-08-20,0.0392988313856427,0.016506677796327158,1.2522779043280292,inconsistent
KFC Palestine,Cafes/Restaurants,2023-08-21/2023-08-27,0.0156594323873121,0.018038397328881406,0.09279393173198458,inconsistent
KFC Palestine,Cafes/Restaurants,2023-08-28/2023-09-03,0.0020868113522537,0.016410684474123475,-0.09023600185099534,inconsistent
KFC Palestine,Cafes/Restaurants,2023-09-11/2023-09-17,0.0243405676126878,0.020346410684474073,0.2398270600203476,inconsistent
KFC Palestine,Cafes/Restaurants,2025-11-17/2025-11-23,0.0145742904841402,0.014165275459098448,-0.3037948717948725,inconsistent
KOTON Palestine,Fashion,2024-09-23/2024-09-29,0.0049756888168557,0.0049756888168557,0.0,inconsistent
KOTON Palestine,Fashion,2024-12-23/2024-12-29,0.0160129659643436,0.01049432739059965,1.109120521172656,inconsistent
KOTON Palestine,Fashion,2025-02-17/2025-02-23,0.0086547811993517,0.009881145326850332,-0.05842985842985782,inconsistent
KOTON Palestine,Fashion,2026-03-09/2026-03-15,0.0,0.007410858995137749,-0.25,inconsistent
KOTON Palestine,Fashion,2026-03-16/2026-03-22,0.0,0.006166936790923824,-0.16785128485511058,inconsistent
KOTON Palestine,Fashion,2026-03-23/2026-03-29,0.0001134521880064,0.002192058346839525,-0.644546649145864,inconsistent
KOTON Palestine,Fashion,2026-04-20/2026-04-26,0.0002755267423014,9.724473257695e-05,-0.9556377079482598,inconsistent
KOTON Palestine,Fashion,2026-04-27/2026-05-03,0.0002917341977309,0.000170178282009675,0.7500000000001286,inconsistent
Katusha Supermarket,Supermarkets,2025-07-14/2025-07-20,0.0047675804529201,0.0047675804529201,0.0,inconsistent
Katusha Supermarket,Supermarkets,2025-08-04/2025-08-10,0.00238379022646,0.00357568533969005,-0.25000000000000533,inconsistent
Katusha Supermarket,Supermarkets,2025-08-11/2025-08-17,0.00238379022646,0.0031783869686133667,-0.11111111111111416,inconsistent
Katusha Supermarket,Supermarkets,2025-09-22/2025-09-28,0.0083432657926102,0.004469606674612575,0.4062500000000089,inconsistent
Katusha Supermarket,Supermarkets,2025-10-13/2025-10-19,0.0047675804529201,0.004469606674612575,0.0,inconsistent
Katusha Supermarket,Supermarkets,2025-12-01/2025-12-07,0.00238379022646,0.004469606674612575,0.0,inconsistent
Katusha Supermarket,Supermarkets,2025-12-22/2025-12-28,0.0262216924910607,0.01042908224076275,1.33333333333335,inconsistent
LOFT Palestine,Fashion,2026-02-16/2026-02-22,0.0009107468123861,0.0009107468123861,0.0,stable
LOFT Palestine,Fashion,2026-02-23/2026-03-01,0.0300546448087431,0.0154826958105646,16.000000000000988,improving
LOFT Palestine,Fashion,2026-03-02/2026-03-08,0.0209471766848816,0.017304189435336934,0.11764705882353121,improving
LOFT Palestine,Fashion,2026-03-16/2026-03-22,0.0357468123861566,0.02191484517304185,0.2664473684210531,improving
LOFT Palestine,Fashion,2026-03-30/2026-04-05,0.002959927140255,0.022427140255009075,0.02337662337662394,stable
Lujain fashion,Fashion,2026-04-13/2026-04-19,0.0142857142857142,0.0142857142857142,0.0,stable
Lujain fashion,Fashion,2026-04-27/2026-05-03,0.001864285714285677,0.008074999999999938,-0.43475000000000097,declining
MAS CO,Fashion,2026-03-16/2026-03-22,0.0004166666666666,0.0004166666666666,0.0,stable
MAS CO,Fashion,2026-05-04/2026-05-10,0.0006249999999999625,0.0005208333333332813,0.25000000000007505,improving
MIFTAH,Influencers,2024-12-23/2024-12-29,0.001370909090909,0.001370909090909,0.0,stable
Mabella - مابيلا,Fashion,2026-04-27/2026-05-03,0.00025974025974023475,0.00025974025974023475,0.0,stable
Mabella - مابيلا,Fashion,2026-05-04/2026-05-10,0.002280519480519453,0.0012701298701298439,3.890000000000369,improving
Mazaj Oriental - مزاج الشرقي,Cafes/Restaurants,2023-01-30/2023-02-05,0.0046052631578947,0.0046052631578947,0.0,inconsistent
Mazaj Oriental - مزاج الشرقي,Cafes/Restaurants,2023-03-06/2023-03-12,4.385964912280701e-05,0.0023245614035087535,-0.49523809523809526,inconsistent
Mazaj Oriental - مزاج الشرقي,Cafes/Restaurants,2023-03-20/2023-03-26,0.0079166666666666,0.004188596491228036,0.8018867924528297,inconsistent
Mazaj Oriental - مزاج الشرقي,Cafes/Restaurants,2023-04-03/2023-04-09,0.0254824561403508,0.009512061403508727,1.2709424083769711,inconsistent
Mazaj Oriental - مزاج الشرقي,Cafes/Restaurants,2023-04-10/2023-04-16,0.0228070175438596,0.01406249999999995,0.4783861671469758,inconsistent
Mazaj Oriental - مزاج الشرقي,Cafes/Restaurants,2023-05-01/2023-05-07,0.009298245614035,0.016376096491228,0.16452241715399518,inconsistent
Mazaj Oriental - مزاج الشرقي,Cafes/Restaurants,2023-05-15/2023-05-21,0.0164473684210526,0.0185087719298245,0.13023100100435325,inconsistent
Mazaj Oriental - مزاج الشرقي,Cafes/Restaurants,2023-05-29/2023-06-04,0.0063157894736842,0.01371710526315785,-0.2588862559241706,inconsistent
Mazaj Oriental - مزاج الشرقي,Cafes/Restaurants,2023-06-12/2023-06-18,0.0099561403508771,0.010504385964912226,-0.2342126298960846,inconsistent
Mazaj Oriental - مزاج الشرقي,Cafes/Restaurants,2023-06-26/2023-07-02,0.0818421052631579,0.02864035087719295,1.7265135699373806,inconsistent
Mazaj Oriental - مزاج الشرقي,Cafes/Restaurants,2023-07-17/2023-07-23,0.005438596491228,0.0258881578947368,-0.09609494640122551,inconsistent
Mazaj Oriental - مزاج الشرقي,Cafes/Restaurants,2023-07-24/2023-07-30,0.0089473684210526,0.0265460526315789,0.02541296060991094,inconsistent
Mazaj Oriental - مزاج الشرقي,Cafes/Restaurants,2023-09-11/2023-09-17,0.0089254385964912,0.026288377192982423,-0.0097067327550594,inconsistent
Mazaj Oriental - مزاج الشرقي,Cafes/Restaurants,2023-09-25/2023-10-01,0.0140350877192982,0.0093366228070175,-0.6448383733055278,inconsistent
Mikkawi 1955,Fashion,2025-05-19/2025-05-25,0.0228085867620751,0.0228085867620751,0.0,stable
Mikkawi 1955,Fashion,2025-08-04/2025-08-10,0.0028085867620751,0.0128085867620751,-0.4384313725490203,declining
Mikkawi 1955,Fashion,2026-04-20/2026-04-26,0.0013893858079904,0.009002186444046866,-0.29717566728740064,declining
Mikkawi 1955,Fashion,2026-04-27/2026-05-03,0.0019409660107334,0.0072368813357185,-0.1960973724884092,declining
Mikkawi 1955,Fashion,2026-05-04/2026-05-10,0.0011091234347048,0.001812015503875925,-0.7496137604284729,declining
Moath Kahlout,Influencers,2026-03-09/2026-03-15,0.000990909090909,0.000990909090909,0.0,stable
Motaz Azaiza,Influencers,2025-12-22/2025-12-28,0.018942,0.018942,0.0,inconsistent
Motaz Azaiza,Influencers,2025-12-29/2026-01-04,0.003246,0.011094,-0.41431738992714606,inconsistent
Motaz Azaiza,Influencers,2026-01-05/2026-01-11,0.0017,0.007962666666666667,-0.2822546721951805,inconsistent
Motaz Azaiza,Influencers,2026-01-19/2026-01-25,0.00105966666666665,0.006236916666666662,-0.21673015740120616,inconsistent
Motaz Azaiza,Influencers,2026-01-26/2026-02-01,0.00611199999999995,0.00302941666666665,-0.5142765522493777,inconsistent
Motaz Azaiza,Influencers,2026-02-02/2026-02-08,0.0016913333333333,0.0026407499999999747,-0.12829752702665886,inconsistent
Motaz Azaiza,Influencers,2026-02-09/2026-02-15,0.0007184,0.0023953499999999745,-0.0929281454132358,inconsistent
Motaz Azaiza,Influencers,2026-02-16/2026-02-22,0.0006490666666666,0.002292699999999962,-0.04285386269230529,inconsistent
Motaz Azaiza,Influencers,2026-02-23/2026-03-01,0.00297506666666665,0.0015084666666666374,-0.3420566726276171,inconsistent
Motaz Azaiza,Influencers,2026-03-02/2026-03-08,0.0019326666666666,0.0015687999999999625,0.0399964644009323,inconsistent
Motaz Azaiza,Influencers,2026-03-09/2026-03-15,0.0067328,0.003072399999999962,0.9584395716471417,inconsistent
Motaz Azaiza,Influencers,2026-03-23/2026-03-29,0.0008293333333333,0.003117466666666637,0.014668228963245378,inconsistent
Motaz Azaiza,Influencers,2026-04-27/2026-05-03,0.01018866666666665,0.004920866666666638,0.5784825285488275,inconsistent
Motaz Foundation,Influencers,2025-12-15/2025-12-21,0.0008173333333333,0.0008173333333333,0.0,inconsistent
Motaz Foundation,Influencers,2025-12-22/2025-12-28,0.0017417666666666,0.00127954999999995,0.5655179445350762,inconsistent
Motaz Foundation,Influencers,2026-01-26/2026-02-01,0.0008106666666666,0.0011232555555555001,-0.12214797737052563,inconsistent
Motaz Foundation,Influencers,2026-02-16/2026-02-22,0.0006563333333333,0.00100652499999995,-0.1039216365129142,inconsistent
Motaz Foundation,Influencers,2026-02-23/2026-03-01,0.00035589999999995,0.0008911666666666125,-0.11461049982200466,inconsistent
Motaz Foundation,Influencers,2026-03-09/2026-03-15,0.0011774,0.0007500749999999625,-0.1583224237890315,inconsistent
Motaz Foundation,Influencers,2026-03-16/2026-03-22,0.0016113333333333,0.0009502416666666375,0.26686220266864646,inconsistent
Noor Restaurant and Cafe,Cafes/Restaurants,2026-02-16/2026-02-22,0.0,0.0,0.0,inconsistent
Noor Restaurant and Cafe,Cafes/Restaurants,2026-02-23/2026-03-01,0.00066,0.00033,0.0,inconsistent
Noor Restaurant and Cafe,Cafes/Restaurants,2026-03-02/2026-03-08,8e-05,0.0002466666666666667,-0.2525252525252525,inconsistent
Noor Restaurant and Cafe,Cafes/Restaurants,2026-03-09/2026-03-15,0.0008815151515151484,0.00040537878787878714,0.6434275184275153,inconsistent
Noor Restaurant and Cafe,Cafes/Restaurants,2026-03-16/2026-03-22,0.00020181818181815,0.0004558333333333246,0.12446271724909286,inconsistent
Noor Restaurant and Cafe,Cafes/Restaurants,2026-03-23/2026-03-29,0.001399090909090897,0.0006406060606060488,0.40535150407179765,inconsistent
Noor Restaurant and Cafe,Cafes/Restaurants,2026-03-30/2026-04-05,0.00025,0.0006831060606060488,0.06634342478713462,inconsistent
Noor Restaurant and Cafe,Cafes/Restaurants,2026-04-06/2026-04-12,0.0021454545454545454,0.000999090909090898,0.462570699789296,inconsistent
Noor Restaurant and Cafe,Cafes/Restaurants,2026-04-13/2026-04-19,0.0023654545454545243,0.0015399999999999917,0.5414012738853591,inconsistent
Noor Restaurant and Cafe,Cafes/Restaurants,2026-04-20/2026-04-26,0.0012731818181818,0.0015085227272727175,-0.02043978748524311,inconsistent
Noor Restaurant and Cafe,Cafes/Restaurants,2026-04-27/2026-05-03,0.0009696969696969636,0.0016884469696969583,0.11927181418706811,inconsistent
Noor Restaurant and Cafe,Cafes/Restaurants,2026-05-04/2026-05-10,6.272727272727273e-05,0.0011677651515151401,-0.3083791362871585,inconsistent
Nour Alsaqa,Influencers,2024-12-23/2024-12-29,0.0284090909090909,0.0284090909090909,0.0,stable
Nour Alsaqa,Influencers,2024-12-30/2025-01-05,0.1299090909090909,0.0791590909090909,1.7864000000000004,improving
Orgada Burgers,Cafes/Restaurants,2026-03-09/2026-03-15,0.0001717791411042,0.0001717791411042,0.0,inconsistent
Orgada Burgers,Cafes/Restaurants,2026-04-13/2026-04-19,0.0002474437627811757,0.00020961145194268785,0.22023809523846127,inconsistent
Orgada Burgers,Cafes/Restaurants,2026-04-20/2026-04-26,5.5214723926380366e-05,0.000158145875937252,-0.24552845528453093,inconsistent
Orgada Burgers,Cafes/Restaurants,2026-04-27/2026-05-03,6.595092024539877e-05,0.0001350971370142887,-0.14574353448273558,inconsistent
Pardo Cafe,Cafes/Restaurants,2026-04-27/2026-05-03,0.0033783783783783,0.0033783783783783,0.0,stable
Pardo Cafe,Cafes/Restaurants,2026-05-04/2026-05-10,0.011554054054053998,0.0074662162162161495,1.2100000000000315,improving
Plestia Alaqad,Influencers,2024-12-23/2024-12-29,0.0096454545454545,0.0096454545454545,0.0,stable
Pulse Gym & Fitness,Gym,2025-11-17/2025-11-23,0.0035576638007708,0.0035576638007708,0.0,inconsistent
Pulse Gym & Fitness,Gym,2025-11-24/2025-11-30,0.0032611918173731996,0.003409427809072,-0.04166666666667129,inconsistent
Pulse Gym & Fitness,Gym,2025-12-01/2025-12-07,0.0126000592943966,0.006472971637513533,0.8985507246376889,inconsistent
Pulse Gym & Fitness,Gym,2025-12-08/2025-12-14,0.005484731692855,0.0062259116513489,-0.038167938931296885,inconsistent
Pulse Gym & Fitness,Gym,2025-12-29/2026-01-04,0.0111176993774088,0.008115920545508401,0.3035714285714308,inconsistent
Pulse Gym & Fitness,Gym,2026-01-05/2026-01-11,0.00607767565965015,0.008820041506077637,0.08675799086758174,inconsistent
Pulse Gym & Fitness,Gym,2026-01-12/2026-01-18,0.0068929736139934,0.007393270085976837,-0.1617647058823536,inconsistent
Pulse Gym & Fitness,Gym,2026-01-26/2026-02-01,0.0091906314853246,0.008319745034094238,0.12531328320802038,inconsistent
Pulse Gym & Fitness,Gym,2026-02-09/2026-02-15,0.00088941595019265,0.0057626741772902,-0.30734966592427837,inconsistent
Pulse Gym & Fitness,Gym,2026-03-09/2026-03-15,0.0100800474355173,0.006763267121256987,0.1736334405144695,inconsistent
Pulse Gym & Fitness,Gym,2026-03-23/2026-03-29,0.0053364957011562,0.006374147643047687,-0.05753424657534156,inconsistent
Pulse Gym & Fitness,Gym,2026-04-27/2026-05-03,0.039875481766973,0.014045360213459788,1.2034883720930325,inconsistent
REXOS Café & Restaurant,Cafes/Restaurants,2024-12-02/2024-12-08,0.0003333333333333,0.0003333333333333,0.0,inconsistent
REXOS Café & Restaurant,Cafes/Restaurants,2025-04-28/2025-05-04,0.0001428571428571,0.00023809523809519999,-0.28571428571432855,inconsistent
REXOS Café & Restaurant,Cafes/Restaurants,2025-06-02/2025-06-08,0.0001666666666666,0.00021428571428566668,-0.10000000000005593,inconsistent
REXOS Café & Restaurant,Cafes/Restaurants,2025-07-07/2025-07-13,2.380952380952381e-05,0.00016666666666663094,-0.22222222222221621,inconsistent
REXOS Café & Restaurant,Cafes/Restaurants,2025-12-08/2025-12-14,0.0083333333333333,0.002166666666666631,12.000000000002572,inconsistent
REXOS Café & Restaurant,Cafes/Restaurants,2025-12-15/2025-12-21,0.0050238095238095,0.0033869047619047308,0.5631868131868245,inconsistent
REXOS Café & Restaurant,Cafes/Restaurants,2025-12-22/2025-12-28,0.0001428571428571,0.003380952380952356,-0.001757469244286436,inconsistent
REXOS Café & Restaurant,Cafes/Restaurants,2026-02-16/2026-02-22,7.142857142857143e-05,0.003392857142857118,0.0035211267605634866,inconsistent
REXOS Café & Restaurant,Cafes/Restaurants,2026-03-09/2026-03-15,2.380952380952381e-05,0.0013154761904761738,-0.6122807017543881,inconsistent
REXOS Café & Restaurant,Cafes/Restaurants,2026-04-06/2026-04-12,0.00053571428571425,0.0001934523809523613,-0.8529411764706013,inconsistent
REXOS Café & Restaurant,Cafes/Restaurants,2026-04-13/2026-04-19,0.04466666666666665,0.011324404761904749,57.538461538467416,inconsistent
REXOS Café & Restaurant,Cafes/Restaurants,2026-04-20/2026-04-26,0.00076190476190474,0.011497023809523792,0.015243101182653929,inconsistent
REXOS Café & Restaurant,Cafes/Restaurants,2026-04-27/2026-05-03,0.0005476190476190001,0.01162797619047616,0.01139011131245038,inconsistent
REXOS Café & Restaurant,Cafes/Restaurants,2026-05-04/2026-05-10,0.0002063492063491492,0.011545634920634885,-0.007081307055712527,inconsistent
ROZAL,Fashion,2026-05-04/2026-05-10,0.0002479757085020032,0.0002479757085020032,0.0,stable
Robian Restaurant,Cafes/Restaurants,2024-04-08/2024-04-14,0.0006153846153846,0.0006153846153846,0.0,inconsistent
Robian Restaurant,Cafes/Restaurants,2024-08-19/2024-08-25,0.0033846153846153,0.0019999999999999497,2.2499999999999996,inconsistent
Robian Restaurant,Cafes/Restaurants,2024-09-02/2024-09-08,0.0275384615384615,0.010512820512820467,4.256410256410366,inconsistent
Robian Restaurant,Cafes/Restaurants,2024-09-09/2024-09-15,0.0215384615384615,0.013269230769230724,0.26219512195122063,inconsistent
Robian Restaurant,Cafes/Restaurants,2024-09-30/2024-10-06,0.13715384615384615,0.047403846153846116,2.5724637681159512,inconsistent
Robian Restaurant,Cafes/Restaurants,2024-11-11/2024-11-17,0.0064615384615384,0.04817307692307689,0.016227180527383478,inconsistent
Robian Restaurant,Cafes/Restaurants,2024-11-18/2024-11-24,0.062076923076923,0.05680769230769226,0.17924151696606772,inconsistent
Robian Restaurant,Cafes/Restaurants,2024-11-25/2024-12-01,0.0024615384615384,0.052038461538461485,-0.08395396073121209,inconsistent
Robian Restaurant,Cafes/Restaurants,2024-12-02/2024-12-08,0.01423076923076915,0.021307692307692232,-0.590539541759055,inconsistent
Robian Restaurant,Cafes/Restaurants,2024-12-09/2024-12-15,0.0085384615384615,0.021826923076923008,0.024368231046931754,inconsistent
Robian Restaurant,Cafes/Restaurants,2024-12-16/2024-12-22,0.1426153846153846,0.041961538461538404,0.9224669603524265,inconsistent
Robian Restaurant,Cafes/Restaurants,2025-01-13/2025-01-19,0.0175384615384615,0.04573076923076918,0.089825847846013,inconsistent
Robian Restaurant,Cafes/Restaurants,2025-02-24/2025-03-02,0.0024615384615384,0.04278846153846149,-0.06433978132884777,inconsistent
Robian Restaurant,Cafes/Restaurants,2025-05-05/2025-05-11,0.0304615384615384,0.04826923076923072,0.12808988764044948,inconsistent
Robian Restaurant,Cafes/Restaurants,2025-07-28/2025-08-03,0.0004615384615384,0.012730769230769169,-0.7362549800796823,inconsistent
Ronza Elegant,Fashion,2026-05-04/2026-05-10,0.000714285714285675,0.000714285714285675,0.0,stable
Shamsboutique,Fashion,2026-03-09/2026-03-15,0.006765899864682001,0.006765899864682001,0.0,inconsistent
Shamsboutique,Fashion,2026-03-16/2026-03-22,0.005799342741155999,0.006282621302919,-0.07142857142857151,inconsistent
Shamsboutique,Fashion,2026-03-23/2026-03-29,0.0,0.004188414201946,-0.33333333333333326,inconsistent
Shamsboutique,Fashion,2026-05-04/2026-05-10,0.023680649526387,0.009061473033056251,1.1634615384615383,inconsistent
Shawerma w Mashawi Al Helou,Cafes/Restaurants,2024-12-30/2025-01-05,0.0002469135802469,0.0002469135802469,0.0,inconsistent
Shawerma w Mashawi Al Helou,Cafes/Restaurants,2025-01-20/2025-01-26,3.703703703703704e-05,0.0001419753086419685,-0.42499999999999594,inconsistent
Shawerma w Mashawi Al Helou,Cafes/Restaurants,2025-02-17/2025-02-23,6.17283950617284e-05,0.00011522633744855513,-0.18840579710144234,inconsistent
Shawerma w Mashawi Al Helou,Cafes/Restaurants,2025-02-24/2025-03-02,2.469135802469136e-05,9.25925925925892e-05,-0.19642857142856918,inconsistent
Shawerma w Mashawi Al Helou,Cafes/Restaurants,2025-03-17/2025-03-23,0.0,3.08641975308642e-05,-0.6666666666666545,inconsistent
Shawerma w Mashawi Al Helou,Cafes/Restaurants,2025-11-24/2025-11-30,0.0002469135802469,8.333333333332993e-05,1.6999999999998896,inconsistent
Shawerma w Mashawi Al Helou,Cafes/Restaurants,2025-12-01/2025-12-07,0.00433950617283945,0.0011527777777777604,12.83333333333369,inconsistent
Shawerma w Mashawi Al Helou,Cafes/Restaurants,2025-12-15/2025-12-21,0.0001262551440329218,0.0011781687242798178,0.02202588130298988,inconsistent
Shawerma w Mashawi Al Helou,Cafes/Restaurants,2025-12-22/2025-12-28,9.876543209876544e-05,0.0012028600823045092,0.02095740407621549,inconsistent
Shawerma w Mashawi Al Helou,Cafes/Restaurants,2026-03-30/2026-04-05,0.00012345679012343272,0.0011719958847736425,-0.02565900887801953,inconsistent
Shawerma w Mashawi Al Helou,Cafes/Restaurants,2026-04-06/2026-04-12,1.2345679012345678e-05,9.020576131686641e-05,-0.9230323566073881,inconsistent
Shawerma w Mashawi Al Helou,Cafes/Restaurants,2026-04-13/2026-04-19,0.0021604938271604,0.0005987654320987359,5.637773722627853,inconsistent
Shawerma w Mashawi Al Helou,Cafes/Restaurants,2026-04-20/2026-04-26,0.0260493827160493,0.007086419753086369,10.835051546392252,inconsistent
Shawerma w Mashawi Al Helou,Cafes/Restaurants,2026-04-27/2026-05-03,0.0001358024691358,0.007089506172839461,0.00043554006968715697,inconsistent
Shawerma w Mashawi Al Helou,Cafes/Restaurants,2026-05-04/2026-05-10,4.3209876543209875e-05,0.007097222222222177,0.001088376142794889,inconsistent
Supermarket 25st,Supermarkets,2021-04-19/2021-04-25,0.0116230801162308,0.0116230801162308,0.0,stable
Supermarket 25st,Supermarkets,2021-05-24/2021-05-30,0.0092361975923619,0.01042963885429635,-0.10267857142857462,declining
Supermarket 25st,Supermarkets,2021-10-25/2021-10-31,0.0,0.0069530925695309,-0.33333333333333337,declining
Supermarket 25st,Supermarkets,2021-11-29/2021-12-05,0.003217102532171,0.0060190950601909255,-0.1343283582089556,declining
Supermarket 25st,Supermarkets,2022-02-28/2022-03-06,0.0074719800747198,0.004981320049813175,-0.17241379310344906,declining
Supermarket 25st,Supermarkets,2025-02-03/2025-02-09,0.0005188875051888,0.0028019925280199,-0.4375000000000022,declining
Supermarket 25st,Supermarkets,2025-02-24/2025-03-02,0.0004151100041511,0.0029057700290576753,0.037037037037037424,stable
Supermarket 25st,Supermarkets,2025-03-31/2025-04-06,0.0003113325031133,0.00217932752179325,-0.2500000000000022,declining
The Tatreez Grove,Influencers,2026-02-09/2026-02-15,0.0022445454545454,0.0022445454545454,0.0,stable
Vanilla Palestine,Cafes/Restaurants,2025-03-03/2025-03-09,0.0069712230215827,0.0069712230215827,0.0,inconsistent
Vanilla Palestine,Cafes/Restaurants,2025-03-10/2025-03-16,0.0003453237410071,0.0036582733812949002,-0.47523219814242146,inconsistent
Vanilla Palestine,Cafes/Restaurants,2025-03-17/2025-03-23,3.597122302158273e-05,0.0024508393285371274,-0.33005571943625045,inconsistent
Vanilla Palestine,Cafes/Restaurants,2025-04-21/2025-04-27,0.0093525179856115,0.004176258992805721,0.7040117416829903,inconsistent
Vanilla Palestine,Cafes/Restaurants,2025-04-28/2025-05-04,0.0086546762589928,0.004597122302158246,0.10077519379845201,inconsistent
Vanilla Palestine,Cafes/Restaurants,2025-06-02/2025-06-08,0.008075539568345249,0.006529676258992783,0.4203834115805982,inconsistent
Vanilla Palestine,Cafes/Restaurants,2025-06-23/2025-06-29,0.0042661870503597,0.007587230215827312,0.16196116237432867,inconsistent
Vanilla Palestine,Cafes/Restaurants,2025-11-03/2025-11-09,0.0003165467625899,0.005328237410071912,-0.2977361621429434,inconsistent
Vanilla Palestine,Cafes/Restaurants,2025-12-01/2025-12-07,0.0037625899280575,0.0041052158273380875,-0.22953586497890643,inconsistent
Vanilla Palestine,Cafes/Restaurants,2026-02-16/2026-02-22,0.0072374100719424,0.003895683453237375,-0.05104052573931972,inconsistent
Vanilla Palestine,Cafes/Restaurants,2026-03-16/2026-03-22,0.0019964028776978,0.0033282374100719,-0.14566020313943073,inconsistent
Vanilla Palestine,Cafes/Restaurants,2026-03-23/2026-03-29,0.0007841726618705,0.0034451438848920497,0.03512564171845667,inconsistent
Vanilla Palestine,Cafes/Restaurants,2026-03-30/2026-04-05,0.008719424460431599,0.004684352517985575,0.3596972069955662,inconsistent
Vanilla Palestine,Cafes/Restaurants,2026-04-06/2026-04-12,0.010805755395683401,0.0055764388489208255,0.19043962372816403,inconsistent
Vanilla Palestine,Cafes/Restaurants,2026-04-13/2026-04-19,0.007794964028776949,0.007026079136690612,0.2599580712788281,inconsistent
Vanilla Palestine,Cafes/Restaurants,2026-04-20/2026-04-26,0.0062206235011990005,0.008385191846522737,0.1934382866163229,inconsistent
Vanilla Palestine,Cafes/Restaurants,2026-04-27/2026-05-03,0.0053932853717025995,0.007553657074340488,-0.09916705394487535,inconsistent
Vanilla Palestine,Cafes/Restaurants,2026-05-04/2026-05-10,0.00040287769784165,0.00495293764988005,-0.3442993769594058,inconsistent
Venus Boutique / فينوس بوتيك,Fashion,2025-05-05/2025-05-11,1.2540894220283534e-05,1.2540894220283534e-05,0.0,stable
Vienna Restaurant & Cafe,Cafes/Restaurants,2020-08-31/2020-09-06,0.0,0.0,0.0,stable
Vienna Restaurant & Cafe,Cafes/Restaurants,2023-02-20/2023-02-26,0.0201064458900059,0.01005322294500295,0.0,stable
Vienna Restaurant & Cafe,Cafes/Restaurants,2023-03-13/2023-03-19,0.009067612852355533,0.00972468624745381,-0.03267973856209383,stable
Wakeup coffee,Cafes/Restaurants,2026-03-02/2026-03-08,5.555555555555556e-05,5.555555555555556e-05,0.0,stable
Wakeup coffee,Cafes/Restaurants,2026-03-09/2026-03-15,5.555555555555556e-05,5.555555555555556e-05,0.0,stable
Wakeup coffee,Cafes/Restaurants,2026-03-16/2026-03-22,5.555555555555556e-05,5.555555555555556e-05,0.0,stable
Wakeup coffee,Cafes/Restaurants,2026-04-06/2026-04-12,0.00013888888888885,7.638888888887917e-05,0.37499999999982503,improving
Wakeup coffee,Cafes/Restaurants,2026-04-13/2026-04-19,0.00014814814814811852,9.953703703701991e-05,0.3030303030302446,improving
Wakeup coffee,Cafes/Restaurants,2026-04-20/2026-04-26,0.0001249999999999889,0.00011689814814812824,0.17441860465116488,improving
Wakeup coffee,Cafes/Restaurants,2026-04-27/2026-05-03,0.00019444444444441389,0.00015162037037034284,0.2970297029702824,improving
Wakeup coffee,Cafes/Restaurants,2026-05-04/2026-05-10,9.999999999999111e-05,0.0001418981481481281,-0.06412213740454242,stable
Xtreme Fitness Ramallah,Gym,2023-09-11/2023-09-17,0.0223214285714285,0.0223214285714285,0.0,inconsistent
Xtreme Fitness Ramallah,Gym,2025-07-14/2025-07-20,0.00625,0.014285714285714249,-0.35999999999999954,inconsistent
Xtreme Fitness Ramallah,Gym,2025-08-25/2025-08-31,0.0075892857142857,0.0120535714285714,-0.1562499999999999,inconsistent
Xtreme Fitness Ramallah,Gym,2025-10-20/2025-10-26,0.0089285714285714,0.011272321428571399,-0.06481481481481499,inconsistent
Xtreme Fitness Ramallah,Gym,2025-12-01/2025-12-07,0.015625,0.009598214285714276,-0.1485148514851471,inconsistent
Xtreme Fitness Ramallah,Gym,2025-12-22/2025-12-28,0.0546875,0.021707589285714278,1.2616279069767455,inconsistent
Xtreme Fitness Ramallah,Gym,2025-12-29/2026-01-04,0.0205357142857142,0.024944196428571402,0.149100257069408,inconsistent
Xtreme Fitness Ramallah,Gym,2026-02-02/2026-02-08,0.0158482142857142,0.026674107142857104,0.06935123042505542,inconsistent
Yalda Hakim and Motaz Azaiza,Influencers,2026-01-19/2026-01-25,0.0001484,0.0001484,0.0,stable
aburob,Influencers,2025-12-01/2025-12-07,0.0240350877192982,0.0240350877192982,0.0,inconsistent
aburob,Influencers,2025-12-22/2025-12-28,0.00981491228070175,0.016924999999999975,-0.29582116788321144,inconsistent
aburob,Influencers,2025-12-29/2026-01-04,0.0380350877192982,0.023961695906432715,0.41575751293546537,inconsistent
aburob,Influencers,2026-01-12/2026-01-18,0.035070175438596446,0.02673881578947365,0.1158983026028384,inconsistent
aburob,Influencers,2026-01-19/2026-01-25,0.0237368421052631,0.026664254385964873,-0.0027885080661698147,inconsistent
aburob,Influencers,2026-01-26/2026-02-01,0.013847953216374234,0.027672514619882994,0.03781317937203732,inconsistent
aburob,Influencers,2026-02-02/2026-02-08,0.060598245614035,0.0333133040935672,0.20384087066779388,inconsistent
aburob,Influencers,2026-02-16/2026-02-22,0.03384210526315785,0.033006286549707546,-0.009216064038479299,inconsistent
aburob,Influencers,2026-02-23/2026-03-01,0.01835964912280695,0.03166198830409351,-0.04072855162271949,inconsistent
aburob,Influencers,2026-03-02/2026-03-08,0.0079649122807017,0.030191228070175373,-0.04645192272173204,inconsistent
aburob,Influencers,2026-03-09/2026-03-15,0.0273333333333333,0.02187499999999995,-0.27545179847754087,inconsistent
aburob,Influencers,2026-03-16/2026-03-22,0.010766081871344967,0.01610599415204673,-0.26372598162071914,inconsistent
aburob,Influencers,2026-03-23/2026-03-29,0.0153131578947368,0.015344371345029192,-0.04728815867108416,inconsistent
aburob,Influencers,2026-03-30/2026-04-05,0.016364035087719248,0.017444152046783578,0.13684370995326645,inconsistent
aburob,Influencers,2026-04-13/2026-04-19,0.0027157894736842,0.011289766081871303,-0.3528051090363573,inconsistent
aburob,Influencers,2026-04-20/2026-04-26,0.0058456140350876505,0.010059649122806975,-0.10895858693118587,inconsistent
aburob,Influencers,2026-05-04/2026-05-10,0.0032105263157894,0.007033991228070124,-0.3007717125915612,inconsistent
ahmedalhenawi1,Influencers,2025-12-01/2025-12-07,0.0132578947368421,0.0132578947368421,0.0,stable
drift.for.men,Fashion,2025-03-03/2025-03-09,0.0134,0.0134,0.0,stable
drift.for.men,Fashion,2025-10-20/2025-10-26,0.00872,0.01106,-0.17462686567164176,declining
جروان الدوار,Fashion,2025-04-28/2025-05-04,0.0,0.0,0.0,stable
جروان الدوار,Fashion,2025-05-05/2025-05-11,0.0,0.0,0.0,stable
متجر الأميرات للسيدات,Fashion,2026-05-04/2026-05-10,0.006249999999999958,0.006249999999999958,0.0,stable
متجر تبارك للزي الشرعي,Fashion,2026-03-30/2026-04-05,0.0004974271012006455,0.0004974271012006455,0.0,stable
متجر تبارك للزي الشرعي,Fashion,2026-04-27/2026-05-03,0.0003018867924528,0.00039965694682672273,-0.19655172413793653,declining
